OVERTURE, ORANGE, PETG, 2.20 pounds, 1.75 millimeters, https://www.amazon.com/OVERTURE-Filament-Consumables-Dimensional-Accuracy/dp/B07VJYL11F/ref=sr_1_3?dchild=1&keywords=orange+filament&qid=1593651259&s=industrial&sr=1-3
HATCHBOX, ORANGE, PLA, 2.20 pounds, 1.75 millimeters, https://www.amazon.com/HATCHBOX-3D-Filament-Dimensional-Accuracy/dp/B00J0EE1D4/ref=sr_1_4?dchild=1&keywords=orange+filament&qid=1593651259&s=industrial&sr=1-4
MIKA3D, SILK ORANGE SILK YELLOW SILK LIME GREEN, SILK PLA FILAMENT, 3.31 pounds, 1.75 millimeters, https://www.amazon.com/MIKA3D-Printer-Filament-Printing-Material/dp/B07S84KQ91/ref=sr_1_5?dchild=1&keywords=orange+filament&qid=1593651259&s=industrial&sr=1-5
NOVAMAKER, ORANGE, PLA, 2.20 pounds, 1.75 millimeters, https://www.amazon.com/NOVAMAKER-3D-Printer-Filament-Dimensional/dp/B072JYF4P3/ref=sr_1_6?dchild=1&keywords=orange+filament&qid=1593651259&s=industrial&sr=1-6
CC3D, SILK ORANGE, PLA, 2.87 pounds, 1.75 millimeters, https://www.amazon.com/Filament-Printing-Material-CC3D-Metallic/dp/B07PN8M2BG/ref=sr_1_7?dchild=1&keywords=orange+filament&qid=1593651259&s=industrial&sr=1-7
ZIRO, FLUO ORANGE, PLA, 2.20 pounds, 1.75 millimeters, https://www.amazon.com/ZIRO-Printer-Filament-Dimensional-Accuracy/dp/B01H3IIE40/ref=sr_1_8?dchild=1&keywords=orange+filament&qid=1593651259&s=industrial&sr=1-8
3D Solutech, ORANGE, PLA, 2.20 pounds, 1.75 millimeters, https://www.amazon.com/3D-Solutech-Filament-Dimensional-Accuracy/dp/B00ME74ZJY/ref=sr_1_9?dchild=1&keywords=orange+filament&qid=1593651259&s=industrial&sr=1-9
OVERTURE, ORANGE, ENGINEERING_THERMOPLASTIC_POLYURETHANE, 2.20 pounds, 1.75 millimeters, https://www.amazon.com/Overture-Filament-Flexible-Consumables-Dimensional/dp/B07VGWG9S7/ref=sr_1_11?dchild=1&keywords=orange+filament&qid=1593651259&s=industrial&sr=1-11
CC3D, FLAME ORANGE, PLA, 2.20 pounds, 1.75 millimeters, https://www.amazon.com/Filament-Printing-Material-Strength-CC3D/dp/B07R1SKY5M/ref=sr_1_13?dchild=1&keywords=orange+filament&qid=1593651259&s=industrial&sr=1-13
AmazonBasics, NEON ORANGE, PLA, 3.06 pounds, 1.75 millimeters, https://www.amazon.com/AmazonBasics-Printer-Filament-1-75mm-Orange/dp/B07T6VTG61/ref=sr_1_14?dchild=1&keywords=orange+filament&qid=1593651259&s=industrial&sr=1-14
KODAK, ORANGE, PLA, 1.65 ounces, 1.75 millimeters, https://www.amazon.com/KODAK-Printing-Filament-Orange-1-75/dp/B079NMJNHK/ref=sr_1_17?dchild=1&keywords=orange+filament&qid=1593651259&s=industrial&sr=1-17
LulzBot, TRUE ORANGE, PLA, 2.00 pounds, 2.85 millimeters, https://www.amazon.com/LulzBot-PolyLite-Polymaker-Filament-Orange/dp/B01IAVQRVG/ref=sr_1_18?dchild=1&keywords=orange+filament&qid=1593651259&s=industrial&sr=1-18
RepRapper, 1KG ORANGE, PLA, 2.20 pounds, 1.75 millimeters, https://www.amazon.com/RepRapper-Printing-Filament-Non-Brittle-Dimensional/dp/B07CY1883L/ref=sr_1_19?dchild=1&keywords=orange+filament&qid=1593651259&s=industrial&sr=1-19
CC3D, ORANGE, PETG, 2.20 pounds, 1.75 millimeters, https://www.amazon.com/Orange-Filament-Printer-Printing-Materials/dp/B082WW1NXC/ref=sr_1_21?dchild=1&keywords=orange+filament&qid=1593651259&s=industrial&sr=1-21
SUNLU, COLOR CHANGING FILAMENT ORANGE TO WHITE, PLA, 2.20 pounds, 1.75 millimeters, https://www.amazon.com/SUNLU-Changing-Filament-Temperature-Printer/dp/B07ZPQYPSG/ref=sr_1_22?dchild=1&keywords=orange+filament&qid=1593651259&s=industrial&sr=1-22
eSUN, ORANGE, PLA, 2.20 pounds, 1.75 millimeters, https://www.amazon.com/eSUN-1-75mm-Orange-Printer-Filament/dp/B01EKEMA2M/ref=sr_1_24?dchild=1&keywords=orange+filament&qid=1593651259&s=industrial&sr=1-24
FilaCube, LONGHORN ORANGE, POLYLACTIC ACID, 2.20 pounds, 1.75 millimeters, https://www.amazon.com/Burnt-Orange-Printer-1-75mm-Filament/dp/B07S95M6NK/ref=sr_1_25?dchild=1&keywords=orange+filament&qid=1593651259&s=industrial&sr=1-25
TECBEARS, ORANGE, PETG (POLYETHYLENE TEREPHTALATE GLYCOL-MODIFIED), 2.20 pounds, 1.75 millimeters, https://www.amazon.com/Filament-TECBEARS-Printing-Dimensional-No-Tangle/dp/B081813R8J/ref=sr_1_26?dchild=1&keywords=orange+filament&qid=1593651259&s=industrial&sr=1-26
HATCHBOX, ORANGE, PETG (POLYETHYLENE TEREPHTALATE GLYCOL-MODIFIED), 2.20 pounds, 1.75 millimeters, https://www.amazon.com/HATCHBOX-3D-Filament-Dimensional-Accuracy/dp/B014VM9ALM/ref=sr_1_27?dchild=1&keywords=orange+filament&qid=1593651259&s=industrial&sr=1-27
eSUN, ORANGE, PETG (POLYETHYLENE TEREPHTALATE GLYCOL-MODIFIED), [     ], 1.75 millimeters, https://www.amazon.com/eSUN-1-75mm-Filament-Printer-Semi-Transparent/dp/B010Y25QZ2/ref=sr_1_28?dchild=1&keywords=orange+filament&qid=1593651236&s=industrial&sr=1-28
Gizmo Dorks, ORANGE, PLA, 2.20 pounds, 1.75 millimeters, https://www.amazon.com/Gizmo-Dorks-Filament-Printers-Fluorescent/dp/B00ITZOWMU/ref=sr_1_29?dchild=1&keywords=orange+filament&qid=1593651236&s=industrial&sr=1-29
NovaMaker, ORANGE, ABS (ACRYLONITRILE BUTADIENE STYRENE), 2.20 pounds, 1.75 millimeters, https://www.amazon.com/NOVAMAKER-ABS-1KG1-75-ORN-Filament-Dimensional-Accuracy/dp/B0746C8BQN/ref=sr_1_31?dchild=1&keywords=orange+filament&qid=1593651236&s=industrial&sr=1-31
eSUN, ORANGE, ABS (ACRYLONITRILE BUTADIENE STYRENE), 2.20 pounds, 1.75 millimeters, https://www.amazon.com/eSUN-1-75mm-Orange-Printer-filament/dp/B00MVIPAK4/ref=sr_1_33?dchild=1&keywords=orange+filament&qid=1593651236&s=industrial&sr=1-33
HATCHBOX, ORANGE, ABS (ACRYLONITRILE BUTADIENE STYRENE), 2.20 pounds, 1.75 millimeters, https://www.amazon.com/HATCHBOX-3D-Filament-Dimensional-Accuracy/dp/B00J0H4EVU/ref=sr_1_34?dchild=1&keywords=orange+filament&qid=1593651236&s=industrial&sr=1-34
CCTREE, TRAN-ORANGE, PETG, 2.2 pounds, [     ], https://www.amazon.com/CCTREE-Filament-Creality-Printer-Tran-Orange/dp/B081RS5JPS/ref=sr_1_36?dchild=1&keywords=orange+filament&qid=1593651236&s=industrial&sr=1-36
iSANMATE, ORANGE, PETG (POLYETHYLENE TEREPHTALATE GLYCOL-MODIFIED), 2.87 pounds, 1.75 millimeters, https://www.amazon.com/iSANMATE-Filament-Printer-Dimensional-Accuracy/dp/B07VWG7DBK/ref=sr_1_37?dchild=1&keywords=orange+filament&qid=1593651236&s=industrial&sr=1-37
KODAK, TRANSLUCENT ORANGE, PETG, [     ], 2.85 millimeters, https://www.amazon.com/PETG-Printer-Filament-2-85mm-Translucent/dp/B01LRPBJ2O/ref=sr_1_38?dchild=1&keywords=orange+filament&qid=1593651236&s=industrial&sr=1-38
CC3D, ORANGE TO YELLOW, PLA, 2.20 pounds, 1.75 millimeters, https://www.amazon.com/cc3d-Changing-Temperature-Filament-Dimensional/dp/B074T999FX/ref=sr_1_41?dchild=1&keywords=orange+filament&qid=1593651236&s=industrial&sr=1-41
Gizmo Dorks, ORANGE, ABS (ACRYLONITRILE BUTADIENE STYRENE), 2.85 pounds, 1.75 millimeters, https://www.amazon.com/Gizmo-Dorks-1-75mm-Filament-Printers/dp/B00F9MKT7I/ref=sr_1_42?dchild=1&keywords=orange+filament&qid=1593651236&s=industrial&sr=1-42
ZI-RUI, PINE GREEN TO LIGHT ORANGE TO YELLOW, PLA, 2.20 pounds, 1.75 millimeters, https://www.amazon.com/Zi-Rui-Printer-Filament-Changing-Temperature/dp/B07M5Y4DF6/ref=sr_1_44?dchild=1&keywords=orange+filament&qid=1593651236&s=industrial&sr=1-44
Gizmo Dorks, ORANGE, PLA, 2.20 pounds, 3.00 millimeters, https://www.amazon.com/Gizmo-Dorks-Filament-Printers-Translucent/dp/B00GU2H5JG/ref=sr_1_45?dchild=1&keywords=orange+filament&qid=1593651236&s=industrial&sr=1-45
RepRapper, 1KG ORANGE, PLA, 2.20 pounds, 1.75 millimeters, https://www.amazon.com/RepRapper-Printing-Filament-Non-Brittle-Dimensional/dp/B07CY1883L/ref=sr_1_47?dchild=1&keywords=orange+filament&qid=1593651236&s=industrial&sr=1-47
MakerBot, ORANGE, PLA (POLYLACTIC ACID), 2.01 pounds, 1.75 millimeters, https://www.amazon.com/MakerBot-Filament-Diameter-Large-Orange/dp/B00SZ2JZEW/ref=sr_1_49?dchild=1&keywords=orange+filament&qid=1593651236&s=industrial&sr=1-49
MG Chemicals, ORANGE, ABS (ACRYLONITRILE BUTADIENE STYRENE), 2.20 pounds, 1.75 millimeters, https://www.amazon.com/MG-Chemicals-Orange-Printer-Filament/dp/B014PEZF56/ref=sr_1_51?dchild=1&keywords=orange+filament&qid=1593651236&s=industrial&sr=1-51
Dremel, ORANGE, PLA (POLYLACTIC ACID), 1.10 pounds, 1.75 millimeters, https://www.amazon.com/Dremel-Printer-Filament-Diameter-Weight/dp/B00NA00GWO/ref=sr_1_52?dchild=1&keywords=orange+filament&qid=1593651236&s=industrial&sr=1-52
Gizmo Dorks, ORANGE, ABS (ACRYLONITRILE BUTADIENE STYRENE), 2.85 pounds, 1.75 millimeters, https://www.amazon.com/Gizmo-Dorks-1-75mm-Filament-Printers/dp/B00F9MKT7I/ref=sr_1_52?dchild=1&keywords=orange+filament&qid=1593651237&s=industrial&sr=1-52
iSANMATE, ORANGE, PETG (POLYETHYLENE TEREPHTALATE GLYCOL-MODIFIED), 2.87 pounds, 1.75 millimeters, https://www.amazon.com/iSANMATE-Filament-Printer-Dimensional-Accuracy/dp/B07VWG7DBK/ref=sr_1_56?dchild=1&keywords=orange+filament&qid=1593651237&s=industrial&sr=1-56
MakerBot, ORANGE, PLA (POLYLACTIC ACID), 8.1 ounces, 1.75 millimeters, https://www.amazon.com/MakerBot-Filament-Diameter-Small-Orange/dp/B00K95TMIC/ref=sr_1_59?dchild=1&keywords=orange+filament&qid=1593651237&s=industrial&sr=1-59
Dremel, ORANGE, PLA (POLYLACTIC ACID), 1.10 pounds, 1.75 millimeters, https://www.amazon.com/Dremel-Printer-Filament-Diameter-Weight/dp/B00NA00GWO/ref=sr_1_60?dchild=1&keywords=orange+filament&qid=1593651237&s=industrial&sr=1-60
MakerBot, ORANGE, PLA (POLYLACTIC ACID), 2.01 pounds, 1.75 millimeters, https://www.amazon.com/MakerBot-Filament-Diameter-Large-Orange/dp/B00SZ2JZEW/ref=sr_1_62?dchild=1&keywords=orange+filament&qid=1593651237&s=industrial&sr=1-62
DURAMIC 3D, ORANGE, PETG, 2.20 pounds, 1.75 millimeters, https://www.amazon.com/DURAMIC-3D-Filament-Printing-Dimensional/dp/B086352DN1/ref=sr_1_65?dchild=1&keywords=orange+filament&qid=1593651237&s=industrial&sr=1-65
WYZworks, ORANGE, PLA, 2.20 pounds, 3.00 millimeters, https://www.amazon.com/WYZWorks-Filament-Thermoplastic-Polylactic-Flourescent/dp/B00KGKWWXC/ref=sr_1_66?dchild=1&keywords=orange+filament&qid=1593651237&s=industrial&sr=1-66
TRONXY, ORANGE, TPU, 2.20 pounds, 1.75 millimeters, https://www.amazon.com/Flexible-Orange-Filament-1-75-Material/dp/B07RYRDDH9/ref=sr_1_68?dchild=1&keywords=orange+filament&qid=1593651237&s=industrial&sr=1-68
3D Gear, ORANGE, PLA, 2.20 pounds, 1.75 millimeters, https://www.amazon.com/3D-Gear-Orange-Filament-Tolerance/dp/B089KV12ZL/ref=sr_1_71?dchild=1&keywords=orange+filament&qid=1593651237&s=industrial&sr=1-71
Gizmo Dorks, ORANGE, ABS (ACRYLONITRILE BUTADIENE STYRENE), 2.85 pounds, 1.75 millimeters, https://www.amazon.com/Gizmo-Dorks-Filament-Printers-Fluorescent/dp/B00ITZOTGO/ref=sr_1_72?dchild=1&keywords=orange+filament&qid=1593651237&s=industrial&sr=1-72
HQA 3D Filaments, ORANGE, PLA, 2.20 pounds, 1.75 millimeters, https://www.amazon.com/HQA-3D-Printer-Filament-NatureWorks/dp/B07C94MPCL/ref=sr_1_73?dchild=1&keywords=orange+filament&qid=1593651237&s=industrial&sr=1-73
OVERTURE, ORANGE, PLA, 2.20 pounds , 2.20 pounds, 1.75 millimeters, https://www.amazon.com/Overture-Filament-Professional-Toughness-Dimensional/dp/B07VCMSZ96/ref=sr_1_75?dchild=1&keywords=orange+filament&qid=1593651237&s=industrial&sr=1-75
TRONXY, ORANGE, PLA, 2.20 pounds, 1.75 millimeters, https://www.amazon.com/Orange-Printing-Filament-Dimensional-Accuracy/dp/B07X41Y4YG/ref=sr_1_76?dchild=1&keywords=orange+filament&qid=1593651237&s=industrial&sr=1-76
Flashforge USA, ORANGE, ACRYLONITRILE_BUTADIENE_STYRENE, 1.10 pounds, 1.75 millimeters, https://www.amazon.com/Flashforge-USA-Printing-Printer-Filament/dp/B07NSJTTPQ/ref=sr_1_76?dchild=1&keywords=orange+filament&qid=1593651238&s=industrial&sr=1-76
Silhouette America, ORANGE, PLA FILAMENT, 3.04 ounces, 1.75 millimeters, https://www.amazon.com/Silhouette-America-PLA-Filament-Grams/dp/B086BV78MM/ref=sr_1_77?dchild=1&keywords=orange+filament&qid=1593651238&s=industrial&sr=1-77
Paramount 3D, MCLAREN ORANGE, PLA, [     ], 1.75 millimeters, https://www.amazon.com/Paramount-3D-Filament-Sample-McLaren/dp/B07VHFPSNR/ref=sr_1_78?dchild=1&keywords=orange+filament&qid=1593651238&s=industrial&sr=1-78
ERYONE, ORANGE, PLA, 2.20 pounds, 1.75 millimeters, https://www.amazon.com/Filament-1-75mm-ERYONE-Printing-Printer/dp/B07GNGGDNG/ref=sr_1_83?dchild=1&keywords=orange+filament&qid=1593651238&s=industrial&sr=1-83
Paramount 3D, ORANGE, PLA, 2.20 pounds, 1.75 millimeters, https://www.amazon.com/Paramount-3D-PANTONE-Filament-ORL20112019C/dp/B01N4MW1OX/ref=sr_1_85?dchild=1&keywords=orange+filament&qid=1593651238&s=industrial&sr=1-85
Octave, ORANGE, ABS (ACRYLONITRILE BUTADIENE STYRENE), 2.20 pounds, 1.75 millimeters, https://www.amazon.com/Octave-Orange-ABS-Filament-Printers/dp/B007X08OIA/ref=sr_1_86?dchild=1&keywords=orange+filament&qid=1593651238&s=industrial&sr=1-86
Filament PM, ORANGE, PLA, 2.20 pounds, 1.75 millimeters, https://www.amazon.com/Czech-Made-Orange-Printing-Filament-PM/dp/B0823X4BRZ/ref=sr_1_90?dchild=1&keywords=orange+filament&qid=1593651238&s=industrial&sr=1-90
INLAND, ORANGE, PLA+(PLA PRO), 2.20 pounds, 1.75 millimeters, https://www.amazon.com/Inland-1-75mm-PLA-Printer-Filament/dp/B081S6D6YB/ref=sr_1_91?dchild=1&keywords=orange+filament&qid=1593651238&s=industrial&sr=1-91
SunTop, SILK ORANGE, PLA, 2.20 pounds, 1.75 millimeters, https://www.amazon.com/Suntop-Printer-Filament-Dimensional-Accuracy/dp/B0781S3T2F/ref=sr_1_92?dchild=1&keywords=orange+filament&qid=1593651238&s=industrial&sr=1-92
SYLVANIA, ORANGE, GLASS, 1.72 ounces, [     ], https://www.amazon.com/Sylvania-40301-Filament-Decorative-Lighting/dp/B07MMT3NFG/ref=sr_1_93?dchild=1&keywords=orange+filament&qid=1593651238&s=industrial&sr=1-93
Superfila, ORANGE, PLA, 2.2 pounds, [     ], https://www.amazon.com/Superfila-Printer-Filament-Dimensional-Accuracy/dp/B07PM5LJ5X/ref=sr_1_96?dchild=1&keywords=orange+filament&qid=1593651238&s=industrial&sr=1-96
Smartbuy, ORANGE, PLA, 2.20 pounds, 1.75 millimeters, https://www.amazon.com/Smartbuy-1-75mm-Orange-Printer-Filament/dp/B017MYK8XA/ref=sr_1_97?dchild=1&keywords=orange+filament&qid=1593651238&s=industrial&sr=1-97
LD Products, ORANGE, ABS (ACRYLONITRILE BUTADIENE STYRENE), [     ], 1.75 millimeters, https://www.amazon.com/LD-Orange-1-75mm-Printer-Filament/dp/B00LWPHU4G/ref=sr_1_98?dchild=1&keywords=orange+filament&qid=1593651238&s=industrial&sr=1-98
Suppy3D, ORANGE, PLA, 2.80 pounds, 1.75 millimeters, https://www.amazon.com/Supply3d-Print-Filament-1-75mm-Orange/dp/B07S3FC9NS/ref=sr_1_100?dchild=1&keywords=orange+filament&qid=1593651238&s=industrial&sr=1-100
Polymaker, ORANGE, POLYVINYL BUTYRAL, 1.65 pounds, 2.85 millimeters, https://www.amazon.com/Polymaker-PolySmooth-Filament-Layer-Free-Printing/dp/B07NQ2T32N/ref=sr_1_99?dchild=1&keywords=orange+filament&qid=1593651240&s=industrial&sr=1-99
Polymaker, ORANGE, PLA, 0.026 ounces, 2.85 millimeters, https://www.amazon.com/Polymaker-PolyMax-Filament-Jam-Free-Stronger/dp/B01CNHV0W4/ref=sr_1_103?dchild=1&keywords=orange+filament&qid=1593651240&s=industrial&sr=1-103
FlashForge, ORANGE, PLA, 2.20 pounds, 1.75 millimeters, https://www.amazon.com/Flashforge-Printer-Filaments-Spool-Dimensional-Accuracy/dp/B07XCWM8BF/ref=sr_1_104?dchild=1&keywords=orange+filament&qid=1593651240&s=industrial&sr=1-104
SleekLighting, ORANGE, GLASS, 4.8 ounces, [     ], https://www.amazon.com/SleekLighting-Filament-Orange-Colored-Dimmable/dp/B07PC3CN8K/ref=sr_1_107?dchild=1&keywords=orange+filament&qid=1593651240&s=industrial&sr=1-107
Monoprice, BRIGHT ORANGE, PLA, 2.20 pounds, 1.75 millimeters, https://www.amazon.com/Filamento-poliac%C3%A9tico-impresora-pulgadas-Anaranjado/dp/B00IACCJG8/ref=sr_1_109?dchild=1&keywords=orange+filament&qid=1593651240&s=industrial&sr=1-109
HQA 3D Filaments, ORANGE, ABS (ACRYLONITRILE BUTADIENE STYRENE), 2.20 pounds, 1.75 millimeters, https://www.amazon.com/HQA-ABS-LW-3D-Printer-Filament/dp/B07BWR98CC/ref=sr_1_113?dchild=1&keywords=orange+filament&qid=1593651240&s=industrial&sr=1-113
YOYI, ORANGE, TPU, 1.76 pounds, 1.75 millimeters, https://www.amazon.com/YOYI-Flexible-Filament-Tolerance-Orange/dp/B07F1V57BK/ref=sr_1_116?dchild=1&keywords=orange+filament&qid=1593651240&s=industrial&sr=1-116
LONGSELL, ORANGE, POLYCARBONATE (PC), 2.27 pounds, 1.75 millimeters, https://www.amazon.com/Filament-Printer-Strength-Printed-Material/dp/B07RQRJWSQ/ref=sr_1_118?dchild=1&keywords=orange+filament&qid=1593651240&s=industrial&sr=1-118
Flashforge USA, ORANGE, PLA, 1.10 pounds, 1.75 millimeters, https://www.amazon.com/Flashforge-USA-PLA-Filament-1-75/dp/B07NS6DY4M/ref=sr_1_120?dchild=1&keywords=orange+filament&qid=1593651240&s=industrial&sr=1-120
3D Solutech, ORANGE, PLA, 2.20 pounds, 1.75 millimeters, https://www.amazon.com/3D-Solutech-3DSPLA175ORW-Filament-Dimensional/dp/B077L2HZJN/ref=sr_1_123?dchild=1&keywords=orange+filament&qid=1593651240&s=industrial&sr=1-123
HATCHBOX, ORANGE, TPU, 2.20 pounds, 1.75 millimeters, https://www.amazon.com/HATCHBOX-Printer-Filament-Dimensional-Accuracy/dp/B07NY9XGG9/ref=sr_1_124?dchild=1&keywords=orange+filament&qid=1593651240&s=industrial&sr=1-124
CC3D ZHUOPU, ORANGE TO YELLOW, PLA, 2.20 pounds, 1.75 millimeters, https://www.amazon.com/Changing-Temperature-Filament-CC3D-ZHUOPU/dp/B07QYRN4RG/ref=sr_1_125?dchild=1&keywords=orange+filament&qid=1593651241&s=industrial&sr=1-125
Gizmo Dorks, ORANGE, PLA, 2.20 pounds, 3.00 millimeters, https://www.amazon.com/Gizmo-Dorks-Filament-Printers-Fluorescent/dp/B00ITZQ7YG/ref=sr_1_126?dchild=1&keywords=orange+filament&qid=1593651241&s=industrial&sr=1-126
NinjaTek, LAVA (ORANGE), TPE (THERMOPLASTIC ELASTOMER), 2.20 pounds, 1.75 millimeters, https://www.amazon.com/NinjaTek-3DCH05117510-Cheetah-Filament-1-75mm/dp/B078JK5K6V/ref=sr_1_130?dchild=1&keywords=orange+filament&qid=1593651241&s=industrial&sr=1-130
Philips Lighting, ORANGE, GLASS, 1.35 pounds, [     ], https://www.amazon.com/Philips-LED-538215-Party-Bulbs/dp/B07JD3KPNV/ref=sr_1_132?dchild=1&keywords=orange+filament&qid=1593651241&s=industrial&sr=1-132
Paramount 3D, ORANGE, ABS, 2.20 pounds, 1.75 millimeters, https://www.amazon.com/Paramount-3D-McLaren-Filament-ORL20112019A/dp/B06Y6HCS8F/ref=sr_1_133?dchild=1&keywords=orange+filament&qid=1593651241&s=industrial&sr=1-133
SleekLighting, ORANGE, GLASS, 4.8 ounces, [     ], https://www.amazon.com/SleekLighting-Filament-Orange-Colored-Dimmable/dp/B07PWYFNZ2/ref=sr_1_137?dchild=1&keywords=orange+filament&qid=1593651241&s=industrial&sr=1-137
NinjaTek, LAVA (ORANGE), TPE (THERMOPLASTIC ELASTOMER), 1.10 pounds, 1.75 millimeters, https://www.amazon.com/NinjaTek-3DAR05117505-Armadillo-Filament-TPE-5kg/dp/B078JLXLW7/ref=sr_1_139?dchild=1&keywords=orange+filament&qid=1593651241&s=industrial&sr=1-139
NinjaTek, LAVA (ORANGE), TPE (THERMOPLASTIC ELASTOMER), 1.10 pounds, 1.75 millimeters, https://www.amazon.com/NinjaTek-3DNF05117505-NinjaFlex-Filament-TPE-5kg/dp/B078JCZS7F/ref=sr_1_140?dchild=1&keywords=orange+filament&qid=1593651241&s=industrial&sr=1-140
Sunlite, ORANGE, GLASS, 9.5 ounces, [     ], https://www.amazon.com/Sunlite-40975-Filament-Transparent-Lightbulb/dp/B07D2SHBZ7/ref=sr_1_142?dchild=1&keywords=orange+filament&qid=1593651241&s=industrial&sr=1-142
Gizmo Dorks, ORANGE, ABS (ACRYLONITRILE BUTADIENE STYRENE), 2.20 pounds, 3.00 millimeters, https://www.amazon.com/Gizmo-Dorks-Filament-Printers-Fluorescent/dp/B00ITZQ7BO/ref=sr_1_143?dchild=1&keywords=orange+filament&qid=1593651241&s=industrial&sr=1-143
RepRapper, ORANGE, HIPS, 2.20 pounds, 1.75 millimeters, https://www.amazon.com/REPRAPPER-Printing-Orange-Filament-1-75mm/dp/B07Y53T94P/ref=sr_1_144?dchild=1&keywords=orange+filament&qid=1593651241&s=industrial&sr=1-144
Polymaker, ORANGE, [     ], 2.20 pounds, 1.75 millimeters, https://www.amazon.com/Polymaker-PolyLite-Printer-Filament-Packaging/dp/B07MNWNS6J/ref=sr_1_145?dchild=1&keywords=orange+filament&qid=1593651241&s=industrial&sr=1-145
Filatech, LUMIN D. ORANGE, ABS (ACRYLONITRILE BUTADIENE STYRENE), 2.20 pounds, 1.75 millimeters, https://www.amazon.com/Filatech-Printing-Filament-Virgin-Material/dp/B07B4XC97Y/ref=sr_1_146?dchild=1&keywords=orange+filament&qid=1593651241&s=industrial&sr=1-146
uxcell, ORANGE, PLA, 1.10 pounds, 1.75 millimeters, https://www.amazon.com/uxcell-Printer-Filament-Dimensional-Accuracy/dp/B07YJVVQQL/ref=sr_1_147?dchild=1&keywords=orange+filament&qid=1593651241&s=industrial&sr=1-147
win-tinten, GREY, ORANGE, GREEN, YELLOW, BLACK, PLA, 2.20 pounds, 1.75 millimeters, https://www.amazon.com/Filament-Printer-Printing-Accuracy-Friendly/dp/B08888L5YS/ref=sr_1_149?dchild=1&keywords=orange+filament&qid=1593651242&s=industrial&sr=1-149
RepRapper, ORANGE, PLA, 1.10 pounds, 1.75 millimeters, https://www.amazon.com/REPRAPPER-Orange-Printing-Filament-1-75mm/dp/B07Y51H21V/ref=sr_1_150?dchild=1&keywords=orange+filament&qid=1593651242&s=industrial&sr=1-150
ZORTRAX, ORANGE, ABS (ACRYLONITRILE BUTADIENE STYRENE), 2.20 pounds, 1.75 millimeters, https://www.amazon.com/Z-ABS-Filamento-impresi%C3%B3n-color-naranja/dp/B00QT8HCMG/ref=sr_1_153?dchild=1&keywords=orange+filament&qid=1593651242&s=industrial&sr=1-153
MEPERPER, ORANGE, POLYLACTIC ACID, 2.20 pounds, 1.75 millimeters, https://www.amazon.com/Printer-PLA-Filament-Biodegradable-Dimensional/dp/B085JQP7W1/ref=sr_1_154?dchild=1&keywords=orange+filament&qid=1593651242&s=industrial&sr=1-154
Polymaker, ORANGE, TPU(THERMOPLASTIC POLYURETHANES), 1.65 pounds, 3.00 millimeters, https://www.amazon.com/PolyFlex-1-75-mm-750g-Orange/dp/B00YSYFKEK/ref=sr_1_155?dchild=1&keywords=orange+filament&qid=1593651242&s=industrial&sr=1-155
HATCHBOX, ORANGE, ABS (ACRYLONITRILE BUTADIENE STYRENE), 2.20 pounds, 3.00 millimeters, https://www.amazon.com/HATCHBOX-3D-Filament-Dimensional-Accuracy/dp/B01A1BHM0I/ref=sr_1_157?dchild=1&keywords=orange+filament&qid=1593651242&s=industrial&sr=1-157
RepRapper, ORANGE, FLEX, 2.20 pounds, 1.75 millimeters, https://www.amazon.com/REPRAPPER-Orange-Printing-Filament-1-75mm/dp/B07Y4VRX1M/ref=sr_1_158?dchild=1&keywords=orange+filament&qid=1593651242&s=industrial&sr=1-158
Gizmo Dorks, ORANGE, PLA, 2.85 pounds, 1.75 millimeters, https://www.amazon.com/Gizmo-Dorks-Filament-Printers-Translucent/dp/B00FG7BZFQ/ref=sr_1_161?dchild=1&keywords=orange+filament&qid=1593651242&s=industrial&sr=1-161
Eolas Prints, ORANGE, TPU+, [     ], 1.75 millimeters, https://www.amazon.com/EOLAS-PRINTS-Premium-Filament-Accuracy/dp/B07VLMVPS3/ref=sr_1_162?dchild=1&keywords=orange+filament&qid=1593651242&s=industrial&sr=1-162
HZST3D, SHINY ORANGE, PLA, 2.20 pounds, 1.75 millimeters, https://www.amazon.com/Orange-Filament-Printer-Printing-Materials/dp/B07TW59T5V/ref=sr_1_165?dchild=1&keywords=orange+filament&qid=1593651242&s=industrial&sr=1-165
RepRapper, ORANGE, PETG, 2.20 pounds, 1.75 millimeters, https://www.amazon.com/REPRAPPER-Orange-Printing-Filament-1-75mm/dp/B07Y4ZMYS2/ref=sr_1_166?dchild=1&keywords=orange+filament&qid=1593651242&s=industrial&sr=1-166
[     ], ORANGE, PLA, 2.20 pounds, 3.00 millimeters, https://www.amazon.com/Makergear-Solidoodle-Ultimaker-Flashforge-840249113075/dp/B00VDT9GX4/ref=sr_1_169?dchild=1&keywords=orange+filament&qid=1593651242&s=industrial&sr=1-169
Gizmo Dorks, ORANGE, HIPS, 2.85 pounds, 1.75 millimeters, https://www.amazon.com/Gizmo-Dorks-1-75mm-Filament-Printers/dp/B00GU2O062/ref=sr_1_170?dchild=1&keywords=orange+filament&qid=1593651242&s=industrial&sr=1-170
Zeepro, ORANGE, PLA (POLYLACTIC ACID), [     ], 1.75 millimeters, https://www.amazon.com/Zeepro-PLA-Filament-Cartridge-Diameter/dp/B00PVW0PLQ/ref=sr_1_171?dchild=1&keywords=orange+filament&qid=1593651242&s=industrial&sr=1-171
NinjaTek, LAVA (ORANGE), TPE (THERMOPLASTIC ELASTOMER), 1.10 pounds, 3.00 millimeters, https://www.amazon.com/NinjaTek-3DNF05129005-NinjaFlex-Filament-TPE-5kg/dp/B078JGHH2Y/ref=sr_1_175?dchild=1&keywords=orange+filament&qid=1593651243&s=industrial&sr=1-175
NinjaTek, LAVA (ORANGE), TPE (THERMOPLASTIC ELASTOMER), 2.20 pounds, 3.00 millimeters, https://www.amazon.com/NinjaTek-3DNF05129010-NinjaFlex-Filament-3-00mm/dp/B078JFLH6N/ref=sr_1_177?dchild=1&keywords=orange+filament&qid=1593651243&s=industrial&sr=1-177
WYZworks, ORANGE, PLA, 2.00 pounds, 1.75 millimeters, https://www.amazon.com/WYZworks-Premium-Thermoplastic-Polylactic-Filament/dp/B01C9KT1Y4/ref=sr_1_179?dchild=1&keywords=orange+filament&qid=1593651243&s=industrial&sr=1-179
FlashForge, ORANGE, PLA, 1.10 pounds, 1.75 millimeters, https://www.amazon.com/Flashforge-Printer-Filaments-Spool-Dimensional-Accuracy/dp/B08178YTHS/ref=sr_1_180?dchild=1&keywords=orange+filament&qid=1593651243&s=industrial&sr=1-180
Gizmo Dorks, ORANGE, HIPS, 2.85 pounds, 3.00 millimeters, https://www.amazon.com/Gizmo-Dorks-2-85mm-Filament-Printers/dp/B00GU2NQDU/ref=sr_1_181?dchild=1&keywords=orange+filament&qid=1593651243&s=industrial&sr=1-181
AIO Robotics, ORANGE, PLA (POLYLACTIC ACID), 1.10 pounds, 1.75 millimeters, https://www.amazon.com/AIO-Robotics-AIOORANGE-Filament-Dimensional/dp/B01HYYPIVA/ref=sr_1_187?dchild=1&keywords=orange+filament&qid=1593651243&s=industrial&sr=1-187
IC3D, ORANGE, ABS (ACRYLONITRILE BUTADIENE STYRENE), 2.2 pounds, [     ], https://www.amazon.com/IC3D-Orange-3mm-Printer-Filament/dp/B0744PQTCQ/ref=sr_1_190?dchild=1&keywords=orange+filament&qid=1593651243&s=industrial&sr=1-190
INLAND, ORANGE, ABS, 2.20 pounds, 1.75 millimeters, https://www.amazon.com/Inland-1-75mm-Orange-Printer-Filament/dp/B00YQB2R4Q/ref=sr_1_192?dchild=1&keywords=orange+filament&qid=1593651243&s=industrial&sr=1-192
Stronghero3D, ORANGE, PETG (POLYETHYLENE TEREPHTALATE GLYCOL-MODIFIED), 2.20 pounds, 1.75 millimeters, https://www.amazon.com/Stronghero3D-Printing-Filaments-Accuracy-0-05mm/dp/B07G11C1R7/ref=sr_1_193?dchild=1&keywords=orange+filament&qid=1593651243&s=industrial&sr=1-193
Filabot, ORANGE - PLA, PLA, 0.952 ounces, [     ], https://www.amazon.com/Filabot-Printing-Colorant-PLA-Pellets/dp/B078YB6RM4/ref=sr_1_195?dchild=1&keywords=orange+filament&qid=1593651243&s=industrial&sr=1-195
AMZ3D, ORANGE, PLA, 2.20 pounds, 1.75 millimeters, https://www.amazon.com/1-75mm-Orange-PLA-Printer-Filament/dp/B01CX9TBSM/ref=sr_1_196?dchild=1&keywords=orange+filament&qid=1593651244&s=industrial&sr=1-196
AIO Robotics, ORANGE, PETG, 1.10 pounds, 1.75 millimeters, https://www.amazon.com/AIO-Robotics-Premium-Filament-Diameter/dp/B07PLLND6C/ref=sr_1_197?dchild=1&keywords=orange+filament&qid=1593651244&s=industrial&sr=1-197
HATCHBOX, ORANGE, PLA, 2.20 pounds, 1.75 millimeters, https://www.amazon.com/HATCHBOX-Performance-3D-Filament-Dimensional/dp/B017UZB0CE/ref=sr_1_198?dchild=1&keywords=orange+filament&qid=1593651244&s=industrial&sr=1-198
3D Solutech, ORANGE, ABS, 2.75 pounds, 1.75 millimeters, https://www.amazon.com/3D-Solutech-Orange-Printer-Filament/dp/B00N3FQ9AO/ref=sr_1_199?dchild=1&keywords=orange+filament&qid=1593651244&s=industrial&sr=1-199
MG Chemicals, ORANGE, ABS (ACRYLONITRILE BUTADIENE STYRENE), 2.20 pounds, 3.00 millimeters, https://www.amazon.com/MG-Chemicals-Orange-Printer-Filament/dp/B014PF0ER4/ref=sr_1_200?dchild=1&keywords=orange+filament&qid=1593651244&s=industrial&sr=1-200
NinjaTek, LAVA (ORANGE), TPE (THERMOPLASTIC ELASTOMER), 1.10 pounds, 1.75 millimeters, https://www.amazon.com/NinjaTek-3DCH05117505-Cheetah-Filament-1-75mm/dp/B078JHSG2S/ref=sr_1_201?dchild=1&keywords=orange+filament&qid=1593651244&s=industrial&sr=1-201
Gizmo Dorks, ORANGE, ABS (ACRYLONITRILE BUTADIENE STYRENE), 2.2 pounds, [     ], https://www.amazon.com/Gizmo-Dorks-Printer-Filament-1-75mm/dp/B07HR3MGR3/ref=sr_1_204?dchild=1&keywords=orange+filament&qid=1593651244&s=industrial&sr=1-204
TIANSE, ORANGE, PLA, 2.20 pounds, [     ], https://www.amazon.com/TIANSE-Filament-Printing-Dimensional-Accuracy/dp/B06Y4JQD7X/ref=sr_1_210?dchild=1&keywords=orange+filament&qid=1593651244&s=industrial&sr=1-210
BuMat, ORANGE, PLA, 2.20 pounds, 1.75 millimeters, https://www.amazon.com/BuMat-Professional-Printer-Filament-Orange/dp/B07RB7T72D/ref=sr_1_214?dchild=1&keywords=orange+filament&qid=1593651244&s=industrial&sr=1-214
FilamentDirect.com, ORANGE, ABS (ACRYLONITRILE BUTADIENE STYRENE), [     ], 1.75 millimeters, https://www.amazon.com/3D-Pen-Filament-ABS-1-75mm/dp/B00MTE6KU4/ref=sr_1_216?dchild=1&keywords=orange+filament&qid=1593651244&s=industrial&sr=1-216
MagicBiu, BLUE, BLACK, RED, WHILE, PINK, GREEN, YELLOW, ORANGE, SILVER, PURPLE, GLOWING BLUE, GLOWING YELLOW, GLOWING GREEN, GLOWING PINK, GLOWING ORANGE, GLOWING COLOR(TRANSPARENT), 100% PLA (POLYLACTIC ACID), [     ], 1.75 millimeters, https://www.amazon.com/MagicBiu-Printing-Filament-Stencils-Compatible/dp/B07MKLPDHF/ref=sr_1_217?dchild=1&keywords=orange+filament&qid=1593651244&s=industrial&sr=1-217
WYZworks, ORANGE, ABS (ACRYLONITRILE BUTADIENE STYRENE), 2.20 pounds, 3.00 millimeters, https://www.amazon.com/WYZWorks-Printer-Filament-Orange-Markerbot/dp/B00K60262Y/ref=sr_1_218?dchild=1&keywords=orange+filament&qid=1593651244&s=industrial&sr=1-218
JG AURORA, ORANGE, PLA, 2.20 pounds, 1.75 millimeters, https://www.amazon.com/JGAURORA-Printer-Filament-1-75mm-Orange/dp/B07TP8XPGD/ref=sr_1_220?dchild=1&keywords=orange+filament&qid=1593651244&s=industrial&sr=1-220
uxcell, LUMINOUS ORANGE, PLA, [     ], 1.75 millimeters, https://www.amazon.com/uxcell-Filament-Dimensional-Accuracy-Luminous/dp/B07Y9YZSYF/ref=sr_1_220?dchild=1&keywords=orange+filament&qid=1593651245&s=industrial&sr=1-220
iEagle, ORANGE, PLA, 2.20 pounds, 3 millimeters, https://www.amazon.com/iEagle-Solid-Orange-3-0mm-Filament/dp/B00NBIUZH6/ref=sr_1_221?dchild=1&keywords=orange+filament&qid=1593651245&s=industrial&sr=1-221
MakerBot, NEON ORANGE, PLA (POLYLACTIC ACID), 8.1 ounces, 1.75 millimeters, https://www.amazon.com/MakerBot-Filament-Diameter-Small-Orange/dp/B00KCYGVUC/ref=sr_1_223?dchild=1&keywords=orange+filament&qid=1593651245&s=industrial&sr=1-223
Shaxon, ORANGE, PLA, 2.20 pounds, 1.75 millimeters, https://www.amazon.com/Filament-1-75mm-Orange-Reel-Packs/dp/B07TBBS6FS/ref=sr_1_226?dchild=1&keywords=orange+filament&qid=1593651245&s=industrial&sr=1-226
MG Chemicals, ORANGE, PLA (POLYLACTIC ACID), 2.20 pounds, 3.00 millimeters, https://www.amazon.com/MG-Chemicals-Orange-Printer-Filament/dp/B014PF0Y56/ref=sr_1_227?dchild=1&keywords=orange+filament&qid=1593651245&s=industrial&sr=1-227
Entweg, ORANGE TO YELLOW, PLA, 2.2 pounds, [     ], https://www.amazon.com/Entweg-filament-Temperature-Filament-Dimensional/dp/B0827JKDGQ/ref=sr_1_233?dchild=1&keywords=orange+filament&qid=1593651245&s=industrial&sr=1-233
Quip Print, FLOU-ORANGE, POLYLACTIC ACID OR POLYLACTIDE, 2.20 pounds, 1.75 millimeters, https://www.amazon.com/Quip-Print-Printer-Filament-Flou-Orange/dp/B07WS3PLQY/ref=sr_1_234?dchild=1&keywords=orange+filament&qid=1593651245&s=industrial&sr=1-234
Polaroid, RED/BLUE/GREEN/ORANGE/YELLOW/BLACK, PLA, 6.2 ounces, 1.75 millimeters, https://www.amazon.com/Polaroid-FILKITRBW-Rainbow-Filament-Diameter/dp/B06XBWWVT9/ref=sr_1_235?dchild=1&keywords=orange+filament&qid=1593651245&s=industrial&sr=1-235
CNC.xyz, ORANGE, PLA, 2.20 pounds, 1.75 millimeters, https://www.amazon.com/CNC-xyz-Printer-Filament-1-75mm-Orange/dp/B071NVFZQJ/ref=sr_1_238?dchild=1&keywords=orange+filament&qid=1593651245&s=industrial&sr=1-238
3DX, ORANGE, ASA, 2.20 pounds, 2.85 millimeters, https://www.amazon.com/3DXMAX-ASA-1KG-Orange-1-75mm/dp/B0844HF662/ref=sr_1_240?dchild=1&keywords=orange+filament&qid=1593651245&s=industrial&sr=1-240
uxcell, FLUORESCENT ORANGE, PLA, [     ], 1.75 millimeters, https://www.amazon.com/uxcell-Filament-Dimensional-Accuracy-Fluorescent/dp/B07YB314Q4/ref=sr_1_243?dchild=1&keywords=orange+filament&qid=1593651245&s=industrial&sr=1-243
BuMat, ORANGE, PLA, 2.20 pounds, 1.75 millimeters, https://www.amazon.com/BuMat-Elite-Printer-Filament-Orange/dp/B07R329H5P/ref=sr_1_244?dchild=1&keywords=orange+filament&qid=1593651245&s=industrial&sr=1-244
KODAK, ORANGE, PLA, [     ], 2.85 millimeters, https://www.amazon.com/KODAK-Filament-Moisture-Aluminum-Printers/dp/B0842SP735/ref=sr_1_248?dchild=1&keywords=orange+filament&qid=1593651247&s=industrial&sr=1-248
Afinia, ORANGE, ABS (ACRYLONITRILE BUTADIENE STYRENE), 2.20 pounds, 1.75 millimeters, https://www.amazon.com/Afinia-Value-Line-Orange-Filament-Printers/dp/B008Y1X4H8/ref=sr_1_249?dchild=1&keywords=orange+filament&qid=1593651247&s=industrial&sr=1-249
Sterl Lighting, ORANGE, GLASS, [     ], [     ], https://www.amazon.com/Lighting-Filament-Dimmable-Equivalent-Intermediate/dp/B07YF5QDWN/ref=sr_1_250?dchild=1&keywords=orange+filament&qid=1593651247&s=industrial&sr=1-250
BuMat, YELLOW TO ORANGE, PLA, 2.20 pounds, 1.75 millimeters, https://www.amazon.com/BuMat-Change-Temperature-Printer-Filament/dp/B07R4465HZ/ref=sr_1_251?dchild=1&keywords=orange+filament&qid=1593651247&s=industrial&sr=1-251
3D Solutech, ORANGE, TPE (THERMOPLASTIC ELASTOMER), 2.20 pounds, 1.75 millimeters, https://www.amazon.com/3D-Solutech-Through-Flexible-Filament/dp/B00VKSIMQ0/ref=sr_1_252?dchild=1&keywords=orange+filament&qid=1593651247&s=industrial&sr=1-252
3D Printlife, ORANGE, PLA, 0.026 ounces, 1.75 millimeters, https://www.amazon.com/Printlife-PLAyPHAb-1-75mm-Orange-Dimensional/dp/B01BCZA84O/ref=sr_1_253?dchild=1&keywords=orange+filament&qid=1593651247&s=industrial&sr=1-253
MorphPen, ORANGE, ABS, [     ], 1.75 millimeters, https://www.amazon.com/MorphPen-Filament-1-75mm-Printing-H-Orange/dp/B01FGKKWRE/ref=sr_1_258?dchild=1&keywords=orange+filament&qid=1593651247&s=industrial&sr=1-258
Sunlite, ORANGE, [     ], 0.544 ounces, [     ], https://www.amazon.com/Sunlite-12V-6PK-20MR11-GU4/dp/B01N4V6L6N/ref=sr_1_266?dchild=1&keywords=orange+filament&qid=1593651247&s=industrial&sr=1-266
IC3D, ORANGE, PLA, 2.09 pounds, 3.00 millimeters, https://www.amazon.com/IC3D-Orange-3mm-Printer-Filament/dp/B01M19EV9R/ref=sr_1_267?dchild=1&keywords=orange+filament&qid=1593651248&s=industrial&sr=1-267
Filatech, LUMIN D. ORANGE, HIPS, 2.20 pounds, 1.75 millimeters, https://www.amazon.com/Filatech-Printing-Filament-Virgin-Material/dp/B07BDLQBCN/ref=sr_1_268?dchild=1&keywords=orange+filament&qid=1593651248&s=industrial&sr=1-268
Enotepad, PLA 1.75MM ORANGE, PLA, 2.20 pounds, 1.75 millimeters, https://www.amazon.com/Printer-Filament-Orange-Dimensional-Accuracy/dp/B07CZ6QHBP/ref=sr_1_270?dchild=1&keywords=orange+filament&qid=1593651248&s=industrial&sr=1-270
Dry & Dry, ORANGE, [     ], [     ], [     ], https://www.amazon.com/Dry-Packets-Indicating-Desiccant-Dehumidifier/dp/B07QNZRPMP/ref=sr_1_271?dchild=1&keywords=orange+filament&qid=1593651248&s=industrial&sr=1-271
NinjaTek, LAVA (ORANGE), TPE (THERMOPLASTIC ELASTOMER), 2.20 pounds, 1.75 millimeters, https://www.amazon.com/NinjaTek-3DNF05117510-NinjaFlex-Filament-1-75mm/dp/B078JJRR91/ref=sr_1_274?dchild=1&keywords=orange+filament&qid=1593651248&s=industrial&sr=1-274
Novelty Lights, ORANGE, GLASS, 6.4 ounces, [     ], https://www.amazon.com/Novelty-Lights-Christmas-Replacement-Candelabra/dp/B07192QC57/ref=sr_1_281?dchild=1&keywords=orange+filament&qid=1593651248&s=industrial&sr=1-281
BigcaseTech, ORANGE, PLA, 2.20 pounds, 1.75 millimeters, https://www.amazon.com/BigcaseTech-Printing-Filament-Accessories-Dimensional/dp/B08881JFG3/ref=sr_1_283?dchild=1&keywords=orange+filament&qid=1593651248&s=industrial&sr=1-283
FlashForge, ORANGE, ABS, [     ], 1.75 millimeters, https://www.amazon.com/Flashforge-Printer-Filaments-Spool-Dimensional-Accuracy/dp/B085PZ3R4G/ref=sr_1_287?dchild=1&keywords=orange+filament&qid=1593651248&s=industrial&sr=1-287
MakerBot, TRANSLUCENT ORANGE, PLA (POLYLACTIC ACID), 2.01 pounds, 1.75 millimeters, https://www.amazon.com/MakerBot-Filament-Diameter-Translucent-Orange/dp/B00IUH8FQ6/ref=sr_1_288?dchild=1&keywords=orange+filament&qid=1593651248&s=industrial&sr=1-288
CNC.xyz, ORANGE, ABS, 2.20 pounds, 1.75 millimeters, https://www.amazon.com/CNC-xyz-Printer-Filament-1-75mm-Orange/dp/B071NVDKXW/ref=sr_1_293?dchild=1&keywords=orange+filament&qid=1593651249&s=industrial&sr=1-293
NinjaTek, LAVA (ORANGE), TPE (THERMOPLASTIC ELASTOMER), 2.20 pounds, 3.00 millimeters, https://www.amazon.com/NinjaTek-3DCH05129010-Cheetah-Filament-3-00mm/dp/B078JFLR7D/ref=sr_1_294?dchild=1&keywords=orange+filament&qid=1593651249&s=industrial&sr=1-294
SIMAX3D, ORANGE, PLA, 2.20 pounds, 1.75 millimeters, https://www.amazon.com/Filament-Extruder-Accessories-Dimensional-Accuracy/dp/B087Q5SRNW/ref=sr_1_296?dchild=1&keywords=orange+filament&qid=1593651249&s=industrial&sr=1-296
Filament PM, ORANGE, ABST, 2.20 pounds, 1.75 millimeters, https://www.amazon.com/Czech-Made-Orange-Printing-Filament-PM/dp/B082473Q13/ref=sr_1_297?dchild=1&keywords=orange+filament&qid=1593651249&s=industrial&sr=1-297
Philips, ORANGE, [     ], 2.4 ounces, [     ], https://www.amazon.com/Philips-9290012243-equivalente-Naranja-A19-LED/dp/B01INHJP0C/ref=sr_1_298?dchild=1&keywords=orange+filament&qid=1593651249&s=industrial&sr=1-298
MakerBot, NEON ORANGE, PLA (POLYLACTIC ACID), 8.1 ounces, 1.75 millimeters, https://www.amazon.com/MakerBot-Filament-Diameter-Large-Orange/dp/B00OXBH1A4/ref=sr_1_307?dchild=1&keywords=orange+filament&qid=1593651249&s=industrial&sr=1-307
Terrain Genesis, ORANGE, PLA, [     ], 1.75 millimeters, https://www.amazon.com/Terrain-Genesis-Printer-Filament-Bearings/dp/B085Y3X7G9/ref=sr_1_308?dchild=1&keywords=orange+filament&qid=1593651249&s=industrial&sr=1-308
Push Plastic, ORANGE, PLA, 2.20 pounds, 1.75 millimeters, https://www.amazon.com/Push-Plastic-1-75mm-printer-filament/dp/B010CADRO8/ref=sr_1_310?dchild=1&keywords=orange+filament&qid=1593651249&s=industrial&sr=1-310
iEagle, ORANGE, ABS (ACRYLONITRILE BUTADIENE STYRENE), 2.00 pounds, 3 millimeters, https://www.amazon.com/iEagle-Solid-Orange-3-0mm-Filament/dp/B00NBIVDX6/ref=sr_1_317?dchild=1&keywords=orange+filament&qid=1593651250&s=industrial&sr=1-317
NinjaTek, LAVA (ORANGE), TPE (THERMOPLASTIC ELASTOMER), 2.20 pounds, 3.00 millimeters, https://www.amazon.com/NinjaTek-3DAR05129010-Armadillo-Filament-3-00mm/dp/B078JNK9D4/ref=sr_1_319?dchild=1&keywords=orange+filament&qid=1593651250&s=industrial&sr=1-319
Paramount 3D, MCLAREN ORANGE, ABS, [     ], 1.75 millimeters, https://www.amazon.com/Paramount-3D-Filament-Sample-McLaren/dp/B0847BSTR3/ref=sr_1_320?dchild=1&keywords=orange+filament&qid=1593651250&s=industrial&sr=1-320
3D Printlife, ORANGE, ABS (ACRYLONITRILE BUTADIENE STYRENE), 1.65 pounds, 1.75 millimeters, https://www.amazon.com/Printlife-Enviro-ABS-1-75mm-Orange/dp/B0113SXBE4/ref=sr_1_322?dchild=1&keywords=orange+filament&qid=1593651250&s=industrial&sr=1-322
Color Matrix, ORANGE, PLA, 2.30 pounds, 1.75 millimeters, https://www.amazon.com/Color-Matrix-Printer-Filament-Diameter/dp/B07F8W24DQ/ref=sr_1_323?dchild=1&keywords=orange+filament&qid=1593651250&s=industrial&sr=1-323
NinjaTek, LAVA (ORANGE), TPE (THERMOPLASTIC ELASTOMER), 2.20 pounds, 1.75 millimeters, https://www.amazon.com/NinjaTek-3DAR05117510-Armadillo-Filament-1-75mm/dp/B078JNK9D3/ref=sr_1_324?dchild=1&keywords=orange+filament&qid=1593651250&s=industrial&sr=1-324
Areyourshop, FLUO ORANGE-1KG, ABS, 2.20 pounds, 1.75 millimeters, https://www.amazon.com/Areyourshop-Filament-Dimensional-Accuracy-Printers/dp/B07546MNG8/ref=sr_1_325?dchild=1&keywords=orange+filament&qid=1593651250&s=industrial&sr=1-325
3D Solutech, REAL ORANGE, PLA, [     ], [     ], https://www.amazon.com/3D-Solutech-Masterspool-Filament-Orange/dp/B07TW4BB1D/ref=sr_1_326?dchild=1&keywords=orange+filament&qid=1593651250&s=industrial&sr=1-326
REC, ORANGE, ABS, 1.65 pounds, 1.75 millimeters, https://www.amazon.com/REC-Orange-Printing-Filament-1-75/dp/B01N6URBL8/ref=sr_1_330?dchild=1&keywords=orange+filament&qid=1593651250&s=industrial&sr=1-330
Anflyer, SILVER, SKY BLUE, WHITE, RED, BRONZE, BROWN, PURPLE RED, DARK BLUE, GREEN, PINK, GOLD, YELLOW, GLOWING BLUE, GLOWING RED, GLOWING GREEN, GLOWING ORANGE, FLUO ORANGE, FLUO YELLOW, FLUO RED, FLUO GREEN, NON-TOXIC AND BPA FREE PCL FILAMENT, [     ], 1.75 millimeters, https://www.amazon.com/Filamentos-bol%C3%ADgrafos-temperatura-filamento-obstrucci%C3%B3n/dp/B07WQV447B/ref=sr_1_337?dchild=1&keywords=orange+filament&qid=1593651250&s=industrial&sr=1-337
MakerBot, TRANSLUCENT ORANGE, PLA (POLYLACTIC ACID), 12.7 ounces, 1.75 millimeters, https://www.amazon.com/MakerBot-Filament-Diameter-Translucent-Orange/dp/B00K95TPPC/ref=sr_1_338?dchild=1&keywords=orange+filament&qid=1593651250&s=industrial&sr=1-338
Chroma Strand Labs, ORANGE, PETG (POLYETHYLENE TEREPHTALATE GLYCOL-MODIFIED), 2.20 pounds, 1.75 millimeters, https://www.amazon.com/Chroma-Strand-Labs-Inova-2008-Filament/dp/B07KRJH4CX/ref=sr_1_347?dchild=1&keywords=orange+filament&qid=1593651251&s=industrial&sr=1-347
MYNT3D, BLACK, BRONZE, WOOD, SKIN, GREEN, BLUE, RED, ORANGE, PINK, YELLOW, PLA, [     ], 1.75 millimeters, https://www.amazon.com/MYNT3D-Filament-Refill-Pack-Color/dp/B06XSBJDZ4/ref=sr_1_354?dchild=1&keywords=orange+filament&qid=1593651251&s=industrial&sr=1-354
SUNLU, SILK ORANGE+PINK, PLA, 4.41 pounds, 1.75 millimeters, https://www.amazon.com/SUNLU-Filament-Printers-LightGold-RedCopper/dp/B07VRRHTCZ/ref=sr_1_381?dchild=1&keywords=orange+filament&qid=1593651252&s=industrial&sr=1-381
Keene Village Plastics, SAFETY ORANGE, ABS, 2.20 pounds, 1.75 millimeters, https://www.amazon.com/ABS-3D-Filament-1-75mm-Diameter/dp/B07BL5J5GW/ref=sr_1_385?dchild=1&keywords=orange+filament&qid=1593651252&s=industrial&sr=1-385
Shaxon, ORANGE, ABS, 8.82 pounds, 1.75 millimeters, https://www.amazon.com/Filament-1-75mm-Orange-Reel-Packs/dp/B07TBBT996/ref=sr_1_388?dchild=1&keywords=orange+filament&qid=1593651254&s=industrial&sr=1-388
TISHITA, ORANGE TO YELLOW, [     ], [     ], [     ], https://www.amazon.com/TISHITA-1-75mm-Printer-Filament-Spool/dp/B08BL2V52C/ref=sr_1_391?dchild=1&keywords=orange+filament&qid=1593651254&s=industrial&sr=1-391
Tiertime, SCARLET ORANGE, PLA, 2.20 pounds, 1.75 millimeters, https://www.amazon.com/Tiertime-premium-Filament-Scarlet-Orange/dp/B017N7CYQU/ref=sr_1_393?dchild=1&keywords=orange+filament&qid=1593651254&s=industrial&sr=1-393
B'Q, VITAMINE ORANGE, PLA, 2.20 pounds, 1.75 millimeters, https://www.amazon.com/BQ-777-1011-Filament-Vitamin-Orange/dp/B00Q9HVJZI/ref=sr_1_405?dchild=1&keywords=orange+filament&qid=1593651254&s=industrial&sr=1-405
BuMat, ORANGE, ABS, 2.20 pounds, 1.75 millimeters, https://www.amazon.com/BuMat-Professional-Printer-Filament-Orange/dp/B07R7674ZD/ref=sr_1_409?dchild=1&keywords=orange+filament&qid=1593651254&s=industrial&sr=1-409
M2 Materials, ORANGE, ABS (ACRYLONITRILE BUTADIENE STYRENE), 3.20 pounds, [     ], https://www.amazon.com/M2-Materials-Filament-Stratasys-Dimension/dp/B082GF56Q1/ref=sr_1_410?dchild=1&keywords=orange+filament&qid=1593651254&s=industrial&sr=1-410
IC3D, ORANGE, ABS (ACRYLONITRILE BUTADIENE STYRENE), 2.2 pounds, [     ], https://www.amazon.com/IC3D-Orange-3mm-Printer-Filament/dp/B0744PQTCQ/ref=sr_1_412?dchild=1&keywords=orange+filament&qid=1593651255&s=industrial&sr=1-412
Polaroid, RED/BLUE/GREEN/ORANGE/YELLOW/PURPLE, PLA, 6.2 ounces, 1.75 millimeters, https://www.amazon.com/Polaroid-FILKITNEO-Filament-Diameter-Orange/dp/B06XBWSNSJ/ref=sr_1_416?dchild=1&keywords=orange+filament&qid=1593651255&s=industrial&sr=1-416
Plasil, ORANGE, ABS (ACRYLONITRILE BUTADIENE STYRENE), 2.20 pounds, 1.75 millimeters, https://www.amazon.com/Plasil-Printer-Filament-Orange-Material/dp/B00VG3UD7A/ref=sr_1_421?dchild=1&keywords=orange+filament&qid=1593651255&s=industrial&sr=1-421
Repkord, MEGARAINBOWPAK: BLACK, WHITE, RED, ORANGE, GREEN, BLUE, PURPLE, PINK, POLYLACTIC ACID PLA, [     ], 1.75 millimeters, https://www.amazon.com/REPKORD-Printing-Filament-Bundle-MegaRainbowPak/dp/B07XJH5VJ3/ref=sr_1_422?dchild=1&keywords=orange+filament&qid=1593651255&s=industrial&sr=1-422
MakerBot, ORANGE, ABS (ACRYLONITRILE BUTADIENE STYRENE), 0.00000000000 pounds, 1.75 millimeters, https://www.amazon.com/Makerbot-MP01978-Orange-plastic-Filament/dp/B00JA1CWC4/ref=sr_1_432?dchild=1&keywords=orange+filament&qid=1593651255&s=industrial&sr=1-432
LeoPlas, TRANSPARENT TRANSLUCENT ORANGE, PLA, 2.20 pounds, 1.75 millimeters, https://www.amazon.com/LeoPlas-Warehouse-Shipping-Transparent-Translucent/dp/B07LGV4MX1/ref=sr_1_435?dchild=1&keywords=orange+filament&qid=1593651255&s=industrial&sr=1-435
NinjaTek, LAVA (ORANGE), TPE (THERMOPLASTIC ELASTOMER), 2.20 pounds, 3.00 millimeters, https://www.amazon.com/NinjaTek-3DAR05129010-Armadillo-Filament-3-00mm/dp/B078JNK9D4/ref=sr_1_436?dchild=1&keywords=orange+filament&qid=1593651255&s=industrial&sr=1-436
TISHITA, ORANGE, [     ], [     ], [     ], https://www.amazon.com/TISHITA-10Meter-Printer-Filament-Printers/dp/B08BNMNHHD/ref=sr_1_440?dchild=1&keywords=orange+filament&qid=1593651256&s=industrial&sr=1-440
iEagle, ORANGE, ABS (ACRYLONITRILE BUTADIENE STYRENE), 2.00 pounds, 1.75 millimeters, https://www.amazon.com/iEagle-Solid-Orange-1-75mm-Filament/dp/B00NBIVCGE/ref=sr_1_444?dchild=1&keywords=orange+filament&qid=1593651256&s=industrial&sr=1-444
SUNLU, BLACK+ORANGE, PETG (POLYETHYLENE TEREPHTALATE GLYCOL-MODIFIED), 2.20 pounds, 1.75 millimeters, https://www.amazon.com/SUNLU-Filament-Dimensional-Accuracy-Spool%EF%BC%8C3D/dp/B07SQPK596/ref=sr_1_454?dchild=1&keywords=orange+filament&qid=1593651256&s=industrial&sr=1-454
QDDDA, ORANGE, [     ], 2.65 pounds, [     ], https://www.amazon.com/Printing-Supplies-Filament-consumables-Multi-Color/dp/B0848L2ZPW/ref=sr_1_456?dchild=1&keywords=orange+filament&qid=1593651256&s=industrial&sr=1-456
Repkord, MEGARAINBOWPAK: BLACK, WHITE, RED, ORANGE, GREEN, BLUE, PURPLE, PINK, POLYLACTIC ACID PLA, [     ], 1.75 millimeters, https://www.amazon.com/REPKORD-Printing-Filament-Bundle-MegaRainbowPak/dp/B07XJH5VJ3/ref=sr_1_457?dchild=1&keywords=orange+filament&qid=1593651256&s=industrial&sr=1-457
uxcell, ORANGE, PCL, [     ], 1.75 millimeters, https://www.amazon.com/uxcell-Filament-Refills-Dimensional-Accuracy/dp/B07Y9YBS8Z/ref=sr_1_461?dchild=1&keywords=orange+filament&qid=1593651257&s=industrial&sr=1-461
