Geeetech, BLACK, PLA, 2.20 pounds, 1.75 millimeters millimeters, https://www.amazon.com/Filament-1-75mm-Geeetech-Printer-Orange/dp/B07TF93YYF/ref=sr_1_8?dchild=1&keywords=orange+filament&qid=1593571065&s=industrial&sr=1-8
LulzBot, TRUE ORANGE, PLA, 2.00 pounds, 2.85 millimeters millimeters, https://www.amazon.com/LulzBot-PolyLite-Polymaker-Filament-Orange/dp/B01IAVQRVG/ref=sr_1_10?dchild=1&keywords=orange+filament&qid=1593571065&s=industrial&sr=1-10
LulzBot, TRUE ORANGE, PLA, 2.00 pounds, 2.85 millimeters millimeters, https://www.amazon.com/LulzBot-PolyLite-Polymaker-Filament-Orange/dp/B01IAVQRVG/ref=sr_1_10?dchild=1&keywords=orange+filament&qid=1593571065&s=industrial&sr=1-10
AmazonBasics, BLUE, PLA, 3.06 pounds, 1.75 millimeters millimeters, https://www.amazon.com/AmazonBasics-Printer-Filament-1-75mm-Orange/dp/B07T6VTG61/ref=sr_1_14?dchild=1&keywords=orange+filament&qid=1593571065&s=industrial&sr=1-14
KODAK, ORANGE, PLA, 1.65 ounces, 1.75 millimeters millimeters, https://www.amazon.com/KODAK-Printing-Filament-Orange-1-75/dp/B079NMJNHK/ref=sr_1_17?dchild=1&keywords=orange+filament&qid=1593571065&s=industrial&sr=1-17
KODAK, ORANGE, PLA, 1.65 ounces, 1.75 millimeters millimeters, https://www.amazon.com/KODAK-Printing-Filament-Orange-1-75/dp/B079NMJNHK/ref=sr_1_17?dchild=1&keywords=orange+filament&qid=1593571065&s=industrial&sr=1-17
CC3D, ORANGE, PETG, 2.20 pounds, 1.75 millimeters, https://www.amazon.com/Orange-Filament-Printer-Printing-Materials/dp/B082WW1NXC/ref=sr_1_18?dchild=1&keywords=orange+filament&qid=1593571065&s=industrial&sr=1-18
eSUN, ORANGE, PLA, 2.20 pounds, 1.75 millimeters millimeters, https://www.amazon.com/eSUN-1-75mm-Orange-Printer-Filament/dp/B01EKEMA2M/ref=sr_1_23?dchild=1&keywords=orange+filament&qid=1593571065&s=industrial&sr=1-23
FilaCube, LONGHORN ORANGE, POLYLACTIC ACID, 2.20 pounds, 1.75 millimeters millimeters, https://www.amazon.com/Burnt-Orange-Printer-1-75mm-Filament/dp/B07S95M6NK/ref=sr_1_24?dchild=1&keywords=orange+filament&qid=1593571065&s=industrial&sr=1-24
FilaCube, LONGHORN ORANGE, POLYLACTIC ACID, 2.20 pounds, 1.75 millimeters millimeters, https://www.amazon.com/Burnt-Orange-Printer-1-75mm-Filament/dp/B07S95M6NK/ref=sr_1_24?dchild=1&keywords=orange+filament&qid=1593571065&s=industrial&sr=1-24
KODAK, ORANGE, ABS (ACRYLONITRILE BUTADIENE STYRENE), [     ], 1.75 millimeters millimeters, https://www.amazon.com/KODAK-3D-Printing-Filament-Orange/dp/B01LRP9RGE/ref=sr_1_26?dchild=1&keywords=orange+filament&qid=1593571065&s=industrial&sr=1-26
KODAK, ORANGE, ABS (ACRYLONITRILE BUTADIENE STYRENE), [     ], 1.75 millimeters millimeters, https://www.amazon.com/KODAK-3D-Printing-Filament-Orange/dp/B01LRP9RGE/ref=sr_1_26?dchild=1&keywords=orange+filament&qid=1593571065&s=industrial&sr=1-26
Filament PM, ORANGE, PETG, 2.20 pounds, 1.75 millimeters millimeters, https://www.amazon.com/Czech-Made-Orange-Printing-Filament-PM/dp/B0823DNV6X/ref=sr_1_27?dchild=1&keywords=orange+filament&qid=1593571047&s=industrial&sr=1-27
AmazonBasics, ASSORTED COLORS, PETG (POLYETHYLENE TEREPHTALATE GLYCOL-MODIFIED), 2.20 pounds, 1.75 millimeters millimeters, https://www.amazon.com/AmazonBasics-Printer-Filament-1-75mm-Orange/dp/B07T6WMYWV/ref=sr_1_31?dchild=1&keywords=orange+filament&qid=1593571047&s=industrial&sr=1-31
MG Chemicals, ORANGE, ABS (ACRYLONITRILE BUTADIENE STYRENE), 2.20 pounds, 1.75 millimeters, https://www.amazon.com/MG-Chemicals-Orange-Printer-Filament/dp/B014PEZF56/ref=sr_1_33?dchild=1&keywords=orange+filament&qid=1593571047&s=industrial&sr=1-33
MG Chemicals, ORANGE, ABS (ACRYLONITRILE BUTADIENE STYRENE), 2.20 pounds, 1.75 millimeters, https://www.amazon.com/MG-Chemicals-Orange-Printer-Filament/dp/B014PEZF56/ref=sr_1_33?dchild=1&keywords=orange+filament&qid=1593571047&s=industrial&sr=1-33
eSUN, ORANGE, ABS (ACRYLONITRILE BUTADIENE STYRENE), 2.20 pounds, 1.75 millimeters millimeters, https://www.amazon.com/eSUN-1-75mm-Orange-Printer-filament/dp/B00MVIPAK4/ref=sr_1_34?dchild=1&keywords=orange+filament&qid=1593571047&s=industrial&sr=1-34
Prusament, [     ], PETG (POLYETHYLENE TEREPHTALATE GLYCOL-MODIFIED), 2.20 pounds, 1.75 millimeters, https://www.amazon.com/Prusament-Orange-Filament-Diameter-Tolerance/dp/B07QV29N4L/ref=sr_1_43?dchild=1&keywords=orange+filament&qid=1593571047&s=industrial&sr=1-43
RepRapper, ORANGE, PLA, 2.20 pounds, 1.75 millimeters millimeters, https://www.amazon.com/REPRAPPER-Printing-Filament-1-75mm-Orange/dp/B07Y54HV3P/ref=sr_1_47?dchild=1&keywords=orange+filament&qid=1593571047&s=industrial&sr=1-47
CCTREE, TRAN-ORANGE, PETG, 2.2 pounds, [     ], https://www.amazon.com/CCTREE-Filament-Creality-Printer-Tran-Orange/dp/B081RS5JPS/ref=sr_1_52?dchild=1&keywords=orange+filament&qid=1593571047&s=industrial&sr=1-52
CCTREE, TRAN-ORANGE, PETG, 2.2 pounds, [     ], https://www.amazon.com/CCTREE-Filament-Creality-Printer-Tran-Orange/dp/B081RS5JPS/ref=sr_1_52?dchild=1&keywords=orange+filament&qid=1593571047&s=industrial&sr=1-52
eSUN, [     ], PLA, 2.20 pounds, 1.75 millimeters millimeters, https://www.amazon.com/eSUN-1-75mm-Orange-Printer-filament/dp/B01AIUBDOS/ref=sr_1_51?dchild=1&keywords=orange+filament&qid=1593571048&s=industrial&sr=1-51
MakerBot, ORANGE, PLA (POLYLACTIC ACID), 8.1 ounces, 1.75 millimeters, https://www.amazon.com/MakerBot-Filament-Diameter-Small-Orange/dp/B00K95TMIC/ref=sr_1_56?dchild=1&keywords=orange+filament&qid=1593571048&s=industrial&sr=1-56
eSUN, [     ], PETG (POLYETHYLENE TEREPHTALATE GLYCOL-MODIFIED), 2.20 pounds, 1.75 millimeters millimeters, https://www.amazon.com/eSUN-1-75mm-Orange-Filament-Printer/dp/B07NS6TTLG/ref=sr_1_58?dchild=1&keywords=orange+filament&qid=1593571048&s=industrial&sr=1-58
MakerBot, ORANGE, PLA (POLYLACTIC ACID), 2.01 pounds, 1.75 millimeters, https://www.amazon.com/MakerBot-Filament-Diameter-Large-Orange/dp/B00SZ2JZEW/ref=sr_1_61?dchild=1&keywords=orange+filament&qid=1593571048&s=industrial&sr=1-61
TRONXY, ORANGE, PLA, 2.20 pounds, 1.75 millimeters millimeters, https://www.amazon.com/Orange-Printing-Filament-Dimensional-Accuracy/dp/B07X41Y4YG/ref=sr_1_65?dchild=1&keywords=orange+filament&qid=1593571048&s=industrial&sr=1-65
TRONXY, ORANGE, TPU, 2.20 pounds, 1.75 millimeters millimeters, https://www.amazon.com/Flexible-Orange-Filament-1-75-Material/dp/B07RYRDDH9/ref=sr_1_72?dchild=1&keywords=orange+filament&qid=1593571048&s=industrial&sr=1-72
Polymaker, NATURAL, PLA, 2.20 pounds , 2.20 pounds, 1.75 millimeters millimeters, https://www.amazon.com/PolyLite-Printer-Filament-2-2lb-Orange/dp/B01IAVQQVW/ref=sr_1_75?dchild=1&keywords=orange+filament&qid=1593571048&s=industrial&sr=1-75
Suppy3D, ORANGE, PLA, 2.80 pounds, 1.75 millimeters millimeters, https://www.amazon.com/Supply3d-Print-Filament-1-75mm-Orange/dp/B07S3FC9NS/ref=sr_1_76?dchild=1&keywords=orange+filament&qid=1593571048&s=industrial&sr=1-76
3D Gear, ORANGE, PLA, 2.20 pounds, 1.75 millimeters millimeters, https://www.amazon.com/3D-Gear-Orange-Filament-Tolerance/dp/B089KV12ZL/ref=sr_1_75?dchild=1&keywords=orange+filament&qid=1593571049&s=industrial&sr=1-75
3D Gear, ORANGE, PLA, 2.20 pounds, 1.75 millimeters millimeters, https://www.amazon.com/3D-Gear-Orange-Filament-Tolerance/dp/B089KV12ZL/ref=sr_1_75?dchild=1&keywords=orange+filament&qid=1593571049&s=industrial&sr=1-75
TTYT3D, FAST COLOR GRADIENT CHANGE SHINY SILK MULTICOLORED, PLA, 2.20 pounds, 1.75 millimeters millimeters, https://www.amazon.com/TTYT3D-Shine-Orange-Printer-Filament/dp/B07T9H7QJ2/ref=sr_1_76?dchild=1&keywords=orange+filament&qid=1593571049&s=industrial&sr=1-76
Filament PM, ORANGE, PLA, 2.20 pounds, 1.75 millimeters, https://www.amazon.com/Czech-Made-Orange-Printing-Filament-PM/dp/B0823X4BRZ/ref=sr_1_90?dchild=1&keywords=orange+filament&qid=1593571049&s=industrial&sr=1-90
Filament PM, ORANGE, PLA, 2.20 pounds, 1.75 millimeters, https://www.amazon.com/Czech-Made-Orange-Printing-Filament-PM/dp/B0823X4BRZ/ref=sr_1_90?dchild=1&keywords=orange+filament&qid=1593571049&s=industrial&sr=1-90
Octave, ORANGE, ABS (ACRYLONITRILE BUTADIENE STYRENE), 2.20 pounds, 1.75 millimeters millimeters, https://www.amazon.com/Octave-Orange-ABS-Filament-Printers/dp/B007X08OIA/ref=sr_1_93?dchild=1&keywords=orange+filament&qid=1593571049&s=industrial&sr=1-93
Octave, ORANGE, ABS (ACRYLONITRILE BUTADIENE STYRENE), 2.20 pounds, 1.75 millimeters millimeters, https://www.amazon.com/Octave-Orange-ABS-Filament-Printers/dp/B007X08OIA/ref=sr_1_93?dchild=1&keywords=orange+filament&qid=1593571049&s=industrial&sr=1-93
LD Products, ORANGE, ABS (ACRYLONITRILE BUTADIENE STYRENE), [     ], 1.75 millimeters, https://www.amazon.com/LD-Orange-1-75mm-Printer-Filament/dp/B00LWPHU4G/ref=sr_1_94?dchild=1&keywords=orange+filament&qid=1593571049&s=industrial&sr=1-94
Smartbuy, ORANGE, PLA, 2.20 pounds, 1.75 millimeters millimeters, https://www.amazon.com/Smartbuy-1-75mm-Orange-Printer-Filament/dp/B017MYK8XA/ref=sr_1_95?dchild=1&keywords=orange+filament&qid=1593571049&s=industrial&sr=1-95
MG Chemicals, BLUE, PLA (POLYLACTIC ACID), 2.20 pounds, 1.75 millimeters, https://www.amazon.com/MG-Chemicals-Orange-Printer-Filament/dp/B014PF0NWU/ref=sr_1_96?dchild=1&keywords=orange+filament&qid=1593571049&s=industrial&sr=1-96
Dremel, [     ], PLA, 1.65 pounds, [     ], https://www.amazon.com/Dremel-PLA-ORA-01-PLA-Orange-0-75kg/dp/B084XSB7TD/ref=sr_1_99?dchild=1&keywords=orange+filament&qid=1593571049&s=industrial&sr=1-99
RepRapper, ORANGE, HIPS, 2.20 pounds, 1.75 millimeters millimeters, https://www.amazon.com/REPRAPPER-Printing-Orange-Filament-1-75mm/dp/B07Y53T94P/ref=sr_1_101?dchild=1&keywords=orange+filament&qid=1593571049&s=industrial&sr=1-101
RepRapper, BLUE, ABS, 2.20 pounds, 1.75 millimeters millimeters, https://www.amazon.com/REPRAPPER-Orange-Printing-Filament-1-75mm/dp/B07Y4WVWWH/ref=sr_1_104?dchild=1&keywords=orange+filament&qid=1593571049&s=industrial&sr=1-104
IC3D Printers, [     ], [     ], 2 pounds, [     ], https://www.amazon.com/IC3D-Orange-1-75mm-Printer-Filament/dp/B01LZB27XB/ref=sr_1_105?dchild=1&keywords=orange+filament&qid=1593571049&s=industrial&sr=1-105
Smartbuy, ORANGE, PLA, 2.20 pounds, 1.75 millimeters millimeters, https://www.amazon.com/Smartbuy-1-75mm-Orange-Printer-Filament/dp/B017MYK8XA/ref=sr_1_124?dchild=1&keywords=orange+filament&qid=1593571049&s=industrial&sr=1-124
YOYI, ORANGE, TPU, 1.76 pounds, 1.75 millimeters millimeters, https://www.amazon.com/YOYI-Flexible-Filament-Tolerance-Orange/dp/B07F1V57BK/ref=sr_1_124?dchild=1&keywords=orange+filament&qid=1593571050&s=industrial&sr=1-124
YOYI, ORANGE, TPU, 1.76 pounds, 1.75 millimeters millimeters, https://www.amazon.com/YOYI-Flexible-Filament-Tolerance-Orange/dp/B07F1V57BK/ref=sr_1_124?dchild=1&keywords=orange+filament&qid=1593571050&s=industrial&sr=1-124
FASTTOBUY, [     ], ALUMINUM, 2.20 pounds, 1.75 millimeters millimeters, https://www.amazon.com/1-75mm-Orange-Printer-Filament-2-2lbs/dp/B085VL74D5/ref=sr_1_125?dchild=1&keywords=orange+filament&qid=1593571050&s=industrial&sr=1-125
[     ], [     ], [     ], [     ], [     ], https://www.amazon.com/Mwave3D-MBFP001-Orange-Filament-1-75mm-Orange/dp/B00LWH8M00/ref=sr_1_127?dchild=1&keywords=orange+filament&qid=1593571050&s=industrial&sr=1-127
RepRapper, ORANGE, FLEX, 2.20 pounds, 1.75 millimeters millimeters, https://www.amazon.com/REPRAPPER-Orange-Printing-Filament-1-75mm/dp/B07Y4VRX1M/ref=sr_1_128?dchild=1&keywords=orange+filament&qid=1593571050&s=industrial&sr=1-128
RepRapper, ORANGE, FLEX, 2.20 pounds, 1.75 millimeters millimeters, https://www.amazon.com/REPRAPPER-Orange-Printing-Filament-1-75mm/dp/B07Y4VRX1M/ref=sr_1_128?dchild=1&keywords=orange+filament&qid=1593571050&s=industrial&sr=1-128
ZORTRAX, ORANGE, ABS (ACRYLONITRILE BUTADIENE STYRENE), 2.20 pounds, 1.75 millimeters, https://www.amazon.com/Z-ABS-Printing-Filament-Orange-1-75mm/dp/B00QT8HCMG/ref=sr_1_129?dchild=1&keywords=orange+filament&qid=1593571050&s=industrial&sr=1-129
SleekLighting, ORANGE, GLASS, 4.8 ounces, [     ], https://www.amazon.com/SleekLighting-Filament-Orange-Colored-Dimmable/dp/B07PWYFNZ2/ref=sr_1_130?dchild=1&keywords=orange+filament&qid=1593571050&s=industrial&sr=1-130
INLAND, GREEN, PLA, 2.20 pounds , 2.20 pounds, 2.85 millimeters, https://www.amazon.com/Inland-1-75mm-Orange-Printer-Filament/dp/B00YQBGMBU/ref=sr_1_142?dchild=1&keywords=orange+filament&qid=1593571050&s=industrial&sr=1-142
Polymaker, ORANGE, TPU(THERMOPLASTIC POLYURETHANES), 1.65 pounds, 3.00 millimeters, https://www.amazon.com/PolyFlex-1-75-mm-750g-Orange/dp/B00YSYFKEK/ref=sr_1_147?dchild=1&keywords=orange+filament&qid=1593571051&s=industrial&sr=1-147
RepRapper, ORANGE, PLA, 1.10 pounds, 1.75 millimeters millimeters, https://www.amazon.com/REPRAPPER-Orange-Printing-Filament-1-75mm/dp/B07Y51H21V/ref=sr_1_151?dchild=1&keywords=orange+filament&qid=1593571051&s=industrial&sr=1-151
IC3D Printers, BEIGE, ABS, 2.2 pounds, [     ], https://www.amazon.com/IC3D-Orange-1-75mm-Printer-Filament/dp/B00DVOVI5I/ref=sr_1_155?dchild=1&keywords=orange+filament&qid=1593571051&s=industrial&sr=1-155
TOPZEAL, TRANSPARENT, PLA, 2.20 pounds, 1.75 millimeters millimeters, https://www.amazon.com/TOPZEAL-Filament-Transparent-Dimensional-Transparent-Orange/dp/B07VBB9HHM/ref=sr_1_156?dchild=1&keywords=orange+filament&qid=1593571051&s=industrial&sr=1-156
Sindoh, [     ], [     ], [     ], [     ], https://www.amazon.com/Sindoh-3DWOX-Flexible-Orange-Filament/dp/B07898BBCQ/ref=sr_1_163?dchild=1&keywords=orange+filament&qid=1593571051&s=industrial&sr=1-163
HZST3D, SHINY ORANGE, PLA, 2.20 pounds, 1.75 millimeters millimeters, https://www.amazon.com/Orange-Filament-Printer-Printing-Materials/dp/B07TW59T5V/ref=sr_1_165?dchild=1&keywords=orange+filament&qid=1593571051&s=industrial&sr=1-165
RepRapper, ORANGE, PETG, 2.20 pounds, 1.75 millimeters millimeters, https://www.amazon.com/REPRAPPER-Orange-Printing-Filament-1-75mm/dp/B07Y4ZMYS2/ref=sr_1_171?dchild=1&keywords=orange+filament&qid=1593571052&s=industrial&sr=1-171
RepRapper, ORANGE, PETG, 2.20 pounds, 1.75 millimeters millimeters, https://www.amazon.com/REPRAPPER-Orange-Printing-Filament-1-75mm/dp/B07Y4ZMYS2/ref=sr_1_171?dchild=1&keywords=orange+filament&qid=1593571052&s=industrial&sr=1-171
Enotepad, PLA 1.75MM ORANGE, PLA, 2.20 pounds, 1.75 millimeters millimeters, https://www.amazon.com/Printer-Filament-Orange-Dimensional-Accuracy/dp/B07CZ6QHBP/ref=sr_1_172?dchild=1&keywords=orange+filament&qid=1593571052&s=industrial&sr=1-172
Anycubic, WHITE, PETG, 1.10 pounds, 1.75 millimeters millimeters, https://www.amazon.com/Anycubic-Filament-Dimensional-Accuracy-Trans-Orange/dp/B07QKS61JH/ref=sr_1_175?dchild=1&keywords=orange+filament&qid=1593571052&s=industrial&sr=1-175
MakerBot, NEON ORANGE, PLA (POLYLACTIC ACID), 8.1 ounces, 1.75 millimeters, https://www.amazon.com/MakerBot-Filament-Diameter-Small-Orange/dp/B00KCYGVUC/ref=sr_1_176?dchild=1&keywords=orange+filament&qid=1593571052&s=industrial&sr=1-176
Orange_ Light, CLEAR, [     ], 8.7 ounces, [     ], https://www.amazon.com/Orange_light-Plastic-Replacement-Edison-Bulbs/dp/B0816WLWHS/ref=sr_1_177?dchild=1&keywords=orange+filament&qid=1593571052&s=industrial&sr=1-177
RepRapper, ORANGE, PLA, 1.10 pounds, 1.75 millimeters millimeters, https://www.amazon.com/REPRAPPER-Orange-Printing-Filament-1-75mm/dp/B07Y51H21V/ref=sr_1_181?dchild=1&keywords=orange+filament&qid=1593571052&s=industrial&sr=1-181
MorphPen, ORANGE, ABS, [     ], 1.75 millimeters, https://www.amazon.com/MorphPen-Filament-1-75mm-Printing-H-Orange/dp/B01FGKKWRE/ref=sr_1_182?dchild=1&keywords=orange+filament&qid=1593571052&s=industrial&sr=1-182
JG AURORA, ORANGE, PLA, 2.20 pounds, 1.75 millimeters millimeters, https://www.amazon.com/JGAURORA-Printer-Filament-1-75mm-Orange/dp/B07TP8XPGD/ref=sr_1_185?dchild=1&keywords=orange+filament&qid=1593571052&s=industrial&sr=1-185
3D Solutech, ORANGE, ABS, 2.75 pounds, 1.75 millimeters millimeters, https://www.amazon.com/3D-Solutech-Orange-Printer-Filament/dp/B00N3FQ9AO/ref=sr_1_186?dchild=1&keywords=orange+filament&qid=1593571052&s=industrial&sr=1-186
[     ], [     ], [     ], [     ], [     ], https://www.amazon.com/MakerBot-Filament-Diameter-Spool-Orange/dp/B00IUHLYFK/ref=sr_1_189?dchild=1&keywords=orange+filament&qid=1593571052&s=industrial&sr=1-189
[     ], [     ], [     ], [     ], [     ], https://www.amazon.com/MakerBot-Filament-Diameter-Spool-Orange/dp/B00IUHLYFK/ref=sr_1_189?dchild=1&keywords=orange+filament&qid=1593571052&s=industrial&sr=1-189
AMZ3D, ORANGE, PLA, 2.20 pounds, 1.75 millimeters millimeters, https://www.amazon.com/1-75mm-Orange-PLA-Printer-Filament/dp/B01CX9TBSM/ref=sr_1_193?dchild=1&keywords=orange+filament&qid=1593571052&s=industrial&sr=1-193
WYZworks, ORANGE, ABS (ACRYLONITRILE BUTADIENE STYRENE), 2.20 pounds, 3.00 millimeters millimeters, https://www.amazon.com/WYZWorks-Printer-Filament-Orange-Markerbot/dp/B00K60262Y/ref=sr_1_196?dchild=1&keywords=orange+filament&qid=1593571052&s=industrial&sr=1-196
IC3D, ORANGE, ABS (ACRYLONITRILE BUTADIENE STYRENE), 2.2 pounds, [     ], https://www.amazon.com/IC3D-Orange-3mm-Printer-Filament/dp/B0744PQTCQ/ref=sr_1_197?dchild=1&keywords=orange+filament&qid=1593571053&s=industrial&sr=1-197
IC3D, ORANGE, ABS (ACRYLONITRILE BUTADIENE STYRENE), 2.2 pounds, [     ], https://www.amazon.com/IC3D-Orange-3mm-Printer-Filament/dp/B0744PQTCQ/ref=sr_1_197?dchild=1&keywords=orange+filament&qid=1593571053&s=industrial&sr=1-197
INLAND, ORANGE, ABS, 2.20 pounds, 1.75 millimeters millimeters, https://www.amazon.com/Inland-1-75mm-Orange-Printer-Filament/dp/B00YQB2R4Q/ref=sr_1_204?dchild=1&keywords=orange+filament&qid=1593571053&s=industrial&sr=1-204
AMZ3D, ORANGE, PLA, 2.20 pounds, 1.75 millimeters millimeters, https://www.amazon.com/1-75mm-Orange-PLA-Printer-Filament/dp/B01CX9TBSM/ref=sr_1_205?dchild=1&keywords=orange+filament&qid=1593571053&s=industrial&sr=1-205
3D Solutech, ORANGE, ABS, 2.75 pounds, 1.75 millimeters millimeters, https://www.amazon.com/3D-Solutech-Orange-Printer-Filament/dp/B00N3FQ9AO/ref=sr_1_213?dchild=1&keywords=orange+filament&qid=1593571053&s=industrial&sr=1-213
[     ], [     ], [     ], [     ], [     ], https://www.amazon.com/MakerBot-Filament-Diameter-Spool-Orange/dp/B00IUHLYFK/ref=sr_1_218?dchild=1&keywords=orange+filament&qid=1593571053&s=industrial&sr=1-218
[     ], [     ], [     ], [     ], [     ], https://www.amazon.com/MakerBot-Filament-Diameter-Spool-Orange/dp/B00IUHLYFK/ref=sr_1_218?dchild=1&keywords=orange+filament&qid=1593571053&s=industrial&sr=1-218
BuMat, ORANGE, PLA, 2.20 pounds, 1.75 millimeters millimeters, https://www.amazon.com/BuMat-Professional-Printer-Filament-Orange/dp/B07RB7T72D/ref=sr_1_220?dchild=1&keywords=orange+filament&qid=1593571053&s=industrial&sr=1-220
BuMat, ORANGE, PLA, 2.20 pounds, 1.75 millimeters millimeters, https://www.amazon.com/BuMat-Professional-Printer-Filament-Orange/dp/B07RB7T72D/ref=sr_1_220?dchild=1&keywords=orange+filament&qid=1593571053&s=industrial&sr=1-220
WYZworks, ORANGE, ABS (ACRYLONITRILE BUTADIENE STYRENE), 2.20 pounds, 3.00 millimeters millimeters, https://www.amazon.com/WYZWorks-Printer-Filament-Orange-Markerbot/dp/B00K60262Y/ref=sr_1_220?dchild=1&keywords=orange+filament&qid=1593571054&s=industrial&sr=1-220
JG AURORA, ORANGE, PLA, 2.20 pounds, 1.75 millimeters millimeters, https://www.amazon.com/JGAURORA-Printer-Filament-1-75mm-Orange/dp/B07TP8XPGD/ref=sr_1_223?dchild=1&keywords=orange+filament&qid=1593571054&s=industrial&sr=1-223
iEagle, ORANGE, PLA, 2.20 pounds, 3 millimeters, https://www.amazon.com/iEagle-Solid-Orange-3-0mm-Filament/dp/B00NBIUZH6/ref=sr_1_228?dchild=1&keywords=orange+filament&qid=1593571054&s=industrial&sr=1-228
MakerBot, NEON ORANGE, PLA (POLYLACTIC ACID), 8.1 ounces, 1.75 millimeters, https://www.amazon.com/MakerBot-Filament-Diameter-Small-Orange/dp/B00KCYGVUC/ref=sr_1_233?dchild=1&keywords=orange+filament&qid=1593571054&s=industrial&sr=1-233
3DX, ORANGE, ASA, 2.20 pounds, 1.75 millimeters millimeters, https://www.amazon.com/3DXMAX-ASA-1KG-Orange-1-75mm/dp/B0844HF662/ref=sr_1_237?dchild=1&keywords=orange+filament&qid=1593571054&s=industrial&sr=1-237
3DX, ORANGE, ASA, 2.20 pounds, 1.75 millimeters millimeters, https://www.amazon.com/3DXMAX-ASA-1KG-Orange-1-75mm/dp/B0844HF662/ref=sr_1_237?dchild=1&keywords=orange+filament&qid=1593571054&s=industrial&sr=1-237
Shaxon, ORANGE, PLA, 2.20 pounds, 1.75 millimeters millimeters, https://www.amazon.com/Filament-1-75mm-Orange-Reel-Packs/dp/B07TBBS6FS/ref=sr_1_239?dchild=1&keywords=orange+filament&qid=1593571054&s=industrial&sr=1-239
Shaxon, ORANGE, PLA, 2.20 pounds, 1.75 millimeters millimeters, https://www.amazon.com/Filament-1-75mm-Orange-Reel-Packs/dp/B07TBBS6FS/ref=sr_1_239?dchild=1&keywords=orange+filament&qid=1593571054&s=industrial&sr=1-239
MorphPen, ORANGE, ABS, [     ], 1.75 millimeters, https://www.amazon.com/MorphPen-Filament-1-75mm-Printing-H-Orange/dp/B01FGKKWRE/ref=sr_1_240?dchild=1&keywords=orange+filament&qid=1593571054&s=industrial&sr=1-240
Proto-Pasta, [     ], COPPER, 1.10 pounds, 1.75 millimeters millimeters, https://www.amazon.com/Proto-Pasta-Metallic-Orange-Printing-Filament/dp/B07K6VWDZ7/ref=sr_1_246?dchild=1&keywords=orange+filament&qid=1593571055&s=industrial&sr=1-246
Quip Print, FLOU-ORANGE, POLYLACTIC ACID OR POLYLACTIDE, 2.20 pounds, 1.75 millimeters, https://www.amazon.com/Quip-Print-Printer-Filament-Flou-Orange/dp/B07WS3PLQY/ref=sr_1_248?dchild=1&keywords=orange+filament&qid=1593571055&s=industrial&sr=1-248
CNC.xyz, ORANGE, PLA, 2.20 pounds, 1.75 millimeters millimeters, https://www.amazon.com/CNC-xyz-Printer-Filament-1-75mm-Orange/dp/B071NVFZQJ/ref=sr_1_257?dchild=1&keywords=orange+filament&qid=1593571055&s=industrial&sr=1-257
3D Printlife, ORANGE, PLA, 0.026 ounces, 1.75 millimeters, https://www.amazon.com/Printlife-PLAyPHAb-1-75mm-Orange-Dimensional/dp/B01BCZA84O/ref=sr_1_260?dchild=1&keywords=orange+filament&qid=1593571055&s=industrial&sr=1-260
3D Printlife, ORANGE, PLA, 0.026 ounces, 1.75 millimeters, https://www.amazon.com/Printlife-PLAyPHAb-1-75mm-Orange-Dimensional/dp/B01BCZA84O/ref=sr_1_260?dchild=1&keywords=orange+filament&qid=1593571055&s=industrial&sr=1-260
BuMat, ORANGE, PLA, 2.20 pounds, 1.75 millimeters millimeters, https://www.amazon.com/BuMat-Elite-Printer-Filament-Orange/dp/B07R329H5P/ref=sr_1_261?dchild=1&keywords=orange+filament&qid=1593571055&s=industrial&sr=1-261
BuMat, ORANGE, PLA, 2.20 pounds, 1.75 millimeters millimeters, https://www.amazon.com/BuMat-Elite-Printer-Filament-Orange/dp/B07R329H5P/ref=sr_1_261?dchild=1&keywords=orange+filament&qid=1593571055&s=industrial&sr=1-261
3D Solutech, REAL ORANGE, PLA, [     ], [     ], https://www.amazon.com/3D-Solutech-Masterspool-Filament-Orange/dp/B07TW4BB1D/ref=sr_1_263?dchild=1&keywords=orange+filament&qid=1593571055&s=industrial&sr=1-263
MG Chemicals, ORANGE, PLA (POLYLACTIC ACID), 2.20 pounds, 3.00 millimeters, https://www.amazon.com/MG-Chemicals-Orange-Printer-Filament/dp/B014PF0Y56/ref=sr_1_266?dchild=1&keywords=orange+filament&qid=1593571055&s=industrial&sr=1-266
MG Chemicals, ORANGE, PLA (POLYLACTIC ACID), 2.20 pounds, 3.00 millimeters, https://www.amazon.com/MG-Chemicals-Orange-Printer-Filament/dp/B014PF0Y56/ref=sr_1_266?dchild=1&keywords=orange+filament&qid=1593571055&s=industrial&sr=1-266
Afinia, ORANGE, ABS (ACRYLONITRILE BUTADIENE STYRENE), 2.20 pounds, 1.75 millimeters millimeters, https://www.amazon.com/Afinia-Value-Line-Orange-Filament-Printers/dp/B008Y1X4H8/ref=sr_1_267?dchild=1&keywords=orange+filament&qid=1593571055&s=industrial&sr=1-267
IC3D, ORANGE, PLA, 2.09 pounds, 3.00 millimeters millimeters, https://www.amazon.com/IC3D-Orange-3mm-Printer-Filament/dp/B01M19EV9R/ref=sr_1_268?dchild=1&keywords=orange+filament&qid=1593571055&s=industrial&sr=1-268
IC3D, ORANGE, PLA, 2.09 pounds, 3.00 millimeters millimeters, https://www.amazon.com/IC3D-Orange-3mm-Printer-Filament/dp/B01M19EV9R/ref=sr_1_268?dchild=1&keywords=orange+filament&qid=1593571055&s=industrial&sr=1-268
REC, ORANGE, ABS, 1.65 pounds, 1.75 millimeters, https://www.amazon.com/REC-Orange-Printing-Filament-1-75/dp/B01N6URBL8/ref=sr_1_269?dchild=1&keywords=orange+filament&qid=1593571056&s=industrial&sr=1-269
Orange Tech, ST64-WHITE, [     ], 1.03 pounds, [     ], https://www.amazon.com/Dimmable-Equivalent-Orange-Tech-ST64-White/dp/B082TL955F/ref=sr_1_270?dchild=1&keywords=orange+filament&qid=1593571056&s=industrial&sr=1-270
Orange_light, 15 PACK, [     ], 8.8 ounces, [     ], https://www.amazon.com/KGC-Replacement-Equivalent-Non-Dimmable-Shatterproof/dp/B085TLRWBT/ref=sr_1_290?dchild=1&keywords=orange+filament&qid=1593571056&s=industrial&sr=1-290
MakerBot, NEON ORANGE, PLA (POLYLACTIC ACID), 8.1 ounces, 1.75 millimeters, https://www.amazon.com/MakerBot-Filament-Diameter-Large-Orange/dp/B00OXBH1A4/ref=sr_1_291?dchild=1&keywords=orange+filament&qid=1593571057&s=industrial&sr=1-291
MakerBot, TRANSLUCENT ORANGE, PLA (POLYLACTIC ACID), 2.01 pounds, 1.75 millimeters, https://www.amazon.com/MakerBot-Filament-Diameter-Translucent-Orange/dp/B00IUH8FQ6/ref=sr_1_293?dchild=1&keywords=orange+filament&qid=1593571057&s=industrial&sr=1-293
CNC.xyz, ORANGE, ABS, 2.20 pounds, 1.75 millimeters millimeters, https://www.amazon.com/CNC-xyz-Printer-Filament-1-75mm-Orange/dp/B071NVDKXW/ref=sr_1_301?dchild=1&keywords=orange+filament&qid=1593571057&s=industrial&sr=1-301
Enotepad, PLA 1.75MM ORANGE, PLA, 2.20 pounds, 1.75 millimeters millimeters, https://www.amazon.com/Printer-Filament-Orange-Dimensional-Accuracy/dp/B07CZ6QHBP/ref=sr_1_302?dchild=1&keywords=orange+filament&qid=1593571057&s=industrial&sr=1-302
Filament PM, ORANGE, ABST, 2.20 pounds, 1.75 millimeters millimeters, https://www.amazon.com/Czech-Made-Orange-Printing-Filament-PM/dp/B082473Q13/ref=sr_1_307?dchild=1&keywords=orange+filament&qid=1593571057&s=industrial&sr=1-307
Filament PM, ORANGE, ABST, 2.20 pounds, 1.75 millimeters millimeters, https://www.amazon.com/Czech-Made-Orange-Printing-Filament-PM/dp/B082473Q13/ref=sr_1_307?dchild=1&keywords=orange+filament&qid=1593571057&s=industrial&sr=1-307
Orange_ Light, CLEAR, [     ], 8.7 ounces, [     ], https://www.amazon.com/Orange_light-Plastic-Replacement-Edison-Bulbs/dp/B0816WLWHS/ref=sr_1_310?dchild=1&keywords=orange+filament&qid=1593571057&s=industrial&sr=1-310
3DFUEL FUELING YOUR CREATIVITY, [     ], PLA, 2.20 pounds, 1.75 millimeters millimeters, https://www.amazon.com/Tangerine-Orange-Filament-Diameter-Tolerance/dp/B076HDQMPL/ref=sr_1_316?dchild=1&keywords=orange+filament&qid=1593571058&s=industrial&sr=1-316
iEagle, ORANGE, ABS (ACRYLONITRILE BUTADIENE STYRENE), 2.00 pounds, 3 millimeters, https://www.amazon.com/iEagle-Solid-Orange-3-0mm-Filament/dp/B00NBIVDX6/ref=sr_1_322?dchild=1&keywords=orange+filament&qid=1593571058&s=industrial&sr=1-322
3D Printlife, ORANGE, ABS (ACRYLONITRILE BUTADIENE STYRENE), 1.65 pounds, 1.75 millimeters, https://www.amazon.com/Printlife-Enviro-ABS-1-75mm-Orange/dp/B0113SXBE4/ref=sr_1_325?dchild=1&keywords=orange+filament&qid=1593571058&s=industrial&sr=1-325
3D Printlife, ORANGE, ABS (ACRYLONITRILE BUTADIENE STYRENE), 1.65 pounds, 1.75 millimeters, https://www.amazon.com/Printlife-Enviro-ABS-1-75mm-Orange/dp/B0113SXBE4/ref=sr_1_325?dchild=1&keywords=orange+filament&qid=1593571058&s=industrial&sr=1-325
Dry & Dry, ORANGE, [     ], [     ], [     ], https://www.amazon.com/Dry-Orange-Indicating-Silica-Packets/dp/B07PH425HP/ref=sr_1_334?dchild=1&keywords=orange+filament&qid=1593571058&s=industrial&sr=1-334
Gudteks, [     ], PLA, 2.87 pounds, 3 millimeters, https://www.amazon.com/Gudteks-PLA-Orange-3mm-filament/dp/B01AP7DGVC/ref=sr_1_342?dchild=1&keywords=orange+filament&qid=1593571059&s=industrial&sr=1-342
ZORTRAX, [     ], [     ], 5.00 pounds, 1.75 millimeters millimeters, https://www.amazon.com/Filament-ZORTRAX-Z-Glass-Orange-M300/dp/B0767NN1MZ/ref=sr_1_344?dchild=1&keywords=orange+filament&qid=1593571059&s=industrial&sr=1-344
MakerBot, TRANSLUCENT ORANGE, PLA (POLYLACTIC ACID), 12.7 ounces, 1.75 millimeters, https://www.amazon.com/MakerBot-Filament-Diameter-Translucent-Orange/dp/B00K95TPPC/ref=sr_1_364?dchild=1&keywords=orange+filament&qid=1593571060&s=industrial&sr=1-364
Tiertime, SCARLET ORANGE, PLA, 2.20 pounds, 1.75 millimeters millimeters, https://www.amazon.com/Tiertime-premium-Filament-Scarlet-Orange/dp/B017N7CYQU/ref=sr_1_381?dchild=1&keywords=orange+filament&qid=1593571060&s=industrial&sr=1-381
Tiertime, SCARLET ORANGE, PLA, 2.20 pounds, 1.75 millimeters millimeters, https://www.amazon.com/Tiertime-premium-Filament-Scarlet-Orange/dp/B017N7CYQU/ref=sr_1_381?dchild=1&keywords=orange+filament&qid=1593571060&s=industrial&sr=1-381
MakerBot, ORANGE, ABS (ACRYLONITRILE BUTADIENE STYRENE), 0.00000000000 pounds, 1.75 millimeters, https://www.amazon.com/Makerbot-MP01978-Orange-plastic-Filament/dp/B00JA1CWC4/ref=sr_1_382?dchild=1&keywords=orange+filament&qid=1593571060&s=industrial&sr=1-382
Shaxon, ORANGE, ABS, 8.82 pounds, 1.75 millimeters millimeters, https://www.amazon.com/Filament-1-75mm-Orange-Reel-Packs/dp/B07TBBT996/ref=sr_1_402?dchild=1&keywords=orange+filament&qid=1593571061&s=industrial&sr=1-402
Shaxon, ORANGE, ABS, 8.82 pounds, 1.75 millimeters millimeters, https://www.amazon.com/Filament-1-75mm-Orange-Reel-Packs/dp/B07TBBT996/ref=sr_1_402?dchild=1&keywords=orange+filament&qid=1593571061&s=industrial&sr=1-402
WobbleWorks, Inc., [     ], [     ], 2.08 ounces, [     ], https://www.amazon.com/3Doodler-Orange-Plastic-Printing-Strand/dp/B00JSGHEQA/ref=sr_1_404?dchild=1&keywords=orange+filament&qid=1593571061&s=industrial&sr=1-404
Zyltech Engineering LLC, RED, [     ], 2.2 pounds, [     ], https://www.amazon.com/ZYLtech-Printer-Filament-1-75-Orange/dp/B073W5Q9XD/ref=sr_1_407?dchild=1&keywords=orange+filament&qid=1593571061&s=industrial&sr=1-407
Anycubic, WHITE, PETG, 1.10 pounds, 1.75 millimeters millimeters, https://www.amazon.com/Anycubic-Filament-Dimensional-Accuracy-Trans-Orange/dp/B07QKS61JH/ref=sr_1_409?dchild=1&keywords=orange+filament&qid=1593571061&s=industrial&sr=1-409
BuMat, ORANGE, ABS, 2.20 pounds, 1.75 millimeters millimeters, https://www.amazon.com/BuMat-Professional-Printer-Filament-Orange/dp/B07R7674ZD/ref=sr_1_413?dchild=1&keywords=orange+filament&qid=1593571062&s=industrial&sr=1-413
BuMat, ORANGE, ABS, 2.20 pounds, 1.75 millimeters millimeters, https://www.amazon.com/BuMat-Professional-Printer-Filament-Orange/dp/B07R7674ZD/ref=sr_1_413?dchild=1&keywords=orange+filament&qid=1593571062&s=industrial&sr=1-413
Restartgo, ORANGE, GLASS, 3.2 ounces, [     ], https://www.amazon.com/Flicker-Crystal-Replacement-Candelabra-Orange/dp/B07SJKSLHQ/ref=sr_1_417?dchild=1&keywords=orange+filament&qid=1593571062&s=industrial&sr=1-417
Luntus, [     ], [     ], [     ], [     ], https://www.amazon.com/Luntus-Printer-Filament-1-75mm-Orange/dp/B08BLRSVC7/ref=sr_1_418?dchild=1&keywords=orange+filament&qid=1593571062&s=industrial&sr=1-418
3D­FUEL FUELING YOUR CREATIVITY, TANGERINE ORANGE, PLA, 3.20 pounds, 1.75 millimeters millimeters, https://www.amazon.com/Filament-WorkDay-Tangerine-Orange-1-75mm/dp/B01DSZ9086/ref=sr_1_426?dchild=1&keywords=orange+filament&qid=1593571062&s=industrial&sr=1-426
Top Vacuum Parts, [     ], [     ], [     ], [     ], https://www.amazon.com/TVP-Orange-Extendable-Microfiber-Filament/dp/B08B69PNBG/ref=sr_1_430?dchild=1&keywords=orange+filament&qid=1593571062&s=industrial&sr=1-430
M3D, ORANGE HEFT, [     ], 9.9 ounces, 1.75 millimeters millimeters, https://www.amazon.com/M3D-Printer-Filament-1-75mm-Orange/dp/B01G0F1WQE/ref=sr_1_434?dchild=1&keywords=orange+filament&qid=1593571062&s=industrial&sr=1-434
Chroma Strand Labs, [     ], [     ], 1.1 pounds, [     ], https://www.amazon.com/Chroma-Strand-Labs-Filament-Orange/dp/B06Y2967RM/ref=sr_1_436?dchild=1&keywords=orange+filament&qid=1593571062&s=industrial&sr=1-436
Chroma Strand Labs, [     ], [     ], 1.1 pounds, [     ], https://www.amazon.com/Chroma-Strand-Labs-Filament-Orange/dp/B06Y2967RM/ref=sr_1_436?dchild=1&keywords=orange+filament&qid=1593571062&s=industrial&sr=1-436
INTERTECK PACKAGING, INDICATING, [     ], [     ], [     ], https://www.amazon.com/Orange-Indicating-Packets-Desiccants-Chloride/dp/B01MAZG2O2/ref=sr_1_441?dchild=1&keywords=orange+filament&qid=1593571062&s=industrial&sr=1-441
ZORTRAX, [     ], [     ], 5.00 pounds, 1.75 millimeters millimeters, https://www.amazon.com/Filament-ZORTRAX-Z-Glass-Orange-M200/dp/B0767PNN3K/ref=sr_1_453?dchild=1&keywords=orange+filament&qid=1593571062&s=industrial&sr=1-453
IC3D Printers, [     ], [     ], 5 pounds, [     ], https://www.amazon.com/IC3D-Orange-1-75mm-Printer-Filament/dp/B01LYBX3CT/ref=sr_1_460?dchild=1&keywords=orange+filament&qid=1593571063&s=industrial&sr=1-460
iEagle, ORANGE, ABS (ACRYLONITRILE BUTADIENE STYRENE), 2.00 pounds, 1.75 millimeters, https://www.amazon.com/iEagle-Solid-Orange-1-75mm-Filament/dp/B00NBIVCGE/ref=sr_1_461?dchild=1&keywords=orange+filament&qid=1593571063&s=industrial&sr=1-461
MakerBot, SAFETY ORANGE, ABS (ACRYLONITRILE BUTADIENE STYRENE), [     ], [     ], https://www.amazon.com/MakerBot-375-0009A-1-75Millimeters-Safety-Orange/dp/B07DYMC5JR/ref=sr_1_462?dchild=1&keywords=orange+filament&qid=1593571063&s=industrial&sr=1-462
