Geeetech, BLACK, PLA, 2.20 pounds, 1.75 millimeters, https://www.amazon.com/Filament-1-75mm-Geeetech-Printer-Orange/dp/B07TF93YYF/ref=sr_1_10?dchild=1&keywords=orange+filament&qid=1593651259&s=industrial&sr=1-10
PRILINE, BLACK, PLA, 2.20 pounds, 1.75 millimeters, https://www.amazon.com/PRILINE-Printer-Filament-Dimensional-Accuracy/dp/B07QQ2CB7W/ref=sr_1_12?dchild=1&keywords=orange+filament&qid=1593651259&s=industrial&sr=1-12
eSUN, BLACK, PLA, 2.20 pounds, 3.00 millimeters, https://www.amazon.com/eSUN-Printer-Filament-Diameter-Pantone/dp/B01EKFV2NO/ref=sr_1_20?dchild=1&keywords=orange+filament&qid=1593651259&s=industrial&sr=1-20
AmazonBasics, ASSORTED COLORS, PETG (POLYETHYLENE TEREPHTALATE GLYCOL-MODIFIED), 2.20 pounds, 1.75 millimeters, https://www.amazon.com/AmazonBasics-Printer-Filament-1-75mm-Orange/dp/B07T6WMYWV/ref=sr_1_23?dchild=1&keywords=orange+filament&qid=1593651259&s=industrial&sr=1-23
Foshan QIBAIXI trade Co.,LTD, BLACK, [     ], 2.2 pounds, [     ], https://www.amazon.com/3D-BEST-Q-Filament-Dimensional-Accuracy/dp/B078HXXSLV/ref=sr_1_28?dchild=1&keywords=orange+filament&qid=1593651259&s=industrial&sr=1-28
[     ], [     ], [     ], [     ], [     ], https://www.amazon.com/s?k=orange+filament&i=industrial&rh=n%3A16310091&page=2&qid=1593651260&ref=sr_hi_1
PRILINE, BLACK, TPU, 2.20 pounds, 1.75 millimeters, https://www.amazon.com/PRILINE-TPU-1KG-Filament-Dimensional-Accuracy/dp/B07S6MBBHN/ref=sr_1_27?dchild=1&keywords=orange+filament&qid=1593651236&s=industrial&sr=1-27
Gizmo Dorks, [     ], PLA, 2.70 pounds, 1.75 millimeters, https://www.amazon.com/Gizmo-Dorks-Filament-Printers-1-75mm/dp/B074W1XFRX/ref=sr_1_30?dchild=1&keywords=orange+filament&qid=1593651236&s=industrial&sr=1-30
eSUN, [     ], PETG (POLYETHYLENE TEREPHTALATE GLYCOL-MODIFIED), 2.20 pounds, 1.75 millimeters, https://www.amazon.com/eSUN-1-75mm-Orange-Filament-Printer/dp/B07NS6TTLG/ref=sr_1_32?dchild=1&keywords=orange+filament&qid=1593651236&s=industrial&sr=1-32
eSUN, [     ], PLA, 2.20 pounds, 1.75 millimeters, https://www.amazon.com/eSUN-1-75mm-Orange-Printer-filament/dp/B01AIUBDOS/ref=sr_1_35?dchild=1&keywords=orange+filament&qid=1593651236&s=industrial&sr=1-35
Overture, BLACK (2-PACK), PLA, 2.20 pounds, 1.75 millimeters, https://www.amazon.com/OVERTURE-Filament-Consumables-Dimensional-Accuracy/dp/B07VJ13BHY/ref=sr_1_43?dchild=1&keywords=orange+filament&qid=1593651236&s=industrial&sr=1-43
RepRapper, BLACK, PLA, 2.20 pounds, 1.75 millimeters, https://www.amazon.com/REPRAPPER-Printing-Filament-1-75mm-Orange/dp/B07Y54HV3P/ref=sr_1_46?dchild=1&keywords=orange+filament&qid=1593651236&s=industrial&sr=1-46
AVEE, BLUE, PLA, 2.20 pounds, 1.75 millimeters, https://www.amazon.com/AVEE-PLA-100-3D-Printer-Filament/dp/B07TNQYBW6/ref=sr_1_48?dchild=1&keywords=orange+filament&qid=1593651236&s=industrial&sr=1-48
TRONXY, [     ], PETG, 2.20 pounds, 1.75 millimeters, https://www.amazon.com/Filament-Diameter-Tolerance-%EF%BC%882-2lbs%EF%BC%89Spool-Transparent/dp/B07P2VVFXQ/ref=sr_1_50?dchild=1&keywords=orange+filament&qid=1593651236&s=industrial&sr=1-50
[     ], [     ], [     ], [     ], [     ], https://www.amazon.com/s?k=orange+filament&i=industrial&rh=n%3A16310091&page=3&qid=1593651261&ref=sr_hi_1
AVEE, BLUE, PLA, 2.20 pounds, 1.75 millimeters, https://www.amazon.com/AVEE-PLA-100-3D-Printer-Filament/dp/B07TNQYBW6/ref=sr_1_51?dchild=1&keywords=orange+filament&qid=1593651237&s=industrial&sr=1-51
Prusament, [     ], PETG (POLYETHYLENE TEREPHTALATE GLYCOL-MODIFIED), 2.20 pounds, 1.75 millimeters, https://www.amazon.com/Prusament-Orange-Filament-Diameter-Tolerance/dp/B07QV29N4L/ref=sr_1_53?dchild=1&keywords=orange+filament&qid=1593651237&s=industrial&sr=1-53
RepRapper, BLACK, PLA, 2.20 pounds, 1.75 millimeters, https://www.amazon.com/REPRAPPER-Printing-Filament-1-75mm-Orange/dp/B07Y54HV3P/ref=sr_1_54?dchild=1&keywords=orange+filament&qid=1593651237&s=industrial&sr=1-54
eSUN, [     ], PETG (POLYETHYLENE TEREPHTALATE GLYCOL-MODIFIED), 2.20 pounds, 1.75 millimeters, https://www.amazon.com/eSUN-1-75mm-Orange-Filament-Printer/dp/B07NS6TTLG/ref=sr_1_55?dchild=1&keywords=orange+filament&qid=1593651237&s=industrial&sr=1-55
Gizmo Dorks, [     ], ABS (ACRYLONITRILE BUTADIENE STYRENE), [     ], 2.85 millimeters, https://www.amazon.com/Gizmo-Dorks-Filament-Printers-2-85mm/dp/B074W28TR3/ref=sr_1_57?dchild=1&keywords=orange+filament&qid=1593651237&s=industrial&sr=1-57
Easy3D, [     ], [     ], 2.20 pounds, 1.75 millimeters, https://www.amazon.com/dp/B07V4VWGLW/ref=sr_1_58?dchild=1&keywords=orange+filament&qid=1593651237&s=industrial&sr=1-58
TRONXY, [     ], PETG, 2.20 pounds, 1.75 millimeters, https://www.amazon.com/Filament-Diameter-Tolerance-%EF%BC%882-2lbs%EF%BC%89Spool-Transparent/dp/B07P2VVFXQ/ref=sr_1_61?dchild=1&keywords=orange+filament&qid=1593651237&s=industrial&sr=1-61
OVERTURE, TRANSPARENT 1-PACK, PETG, 2.20 pounds, 1.75 millimeters, https://www.amazon.com/Filament-Transparent-Consumables-Dimensional-Accuracy/dp/B07SB761QR/ref=sr_1_67?dchild=1&keywords=orange+filament&qid=1593651237&s=industrial&sr=1-67
Gizmo Dorks, BLACK, ABS (ACRYLONITRILE BUTADIENE STYRENE), 2.2 pounds, [     ], https://www.amazon.com/Gizmo-Dorks-Printer-Filament-2-85mm/dp/B07HR1X7K1/ref=sr_1_69?dchild=1&keywords=orange+filament&qid=1593651237&s=industrial&sr=1-69
Polymaker, NATURAL, PLA, 2.20 pounds , 2.20 pounds, 1.75 millimeters, https://www.amazon.com/PolyLite-Printer-Filament-2-2lb-Orange/dp/B01IAVQQVW/ref=sr_1_70?dchild=1&keywords=orange+filament&qid=1593651237&s=industrial&sr=1-70
YOYI, TRANSPARENT GREEN, PETG (POLYETHYLENE TEREPHTALATE GLYCOL-MODIFIED), 2.20 pounds, 1.75 millimeters, https://www.amazon.com/YOYI-Filament-Dimensional-Eco-Friendly-Green/dp/B01M6WENG6/ref=sr_1_74?dchild=1&keywords=orange+filament&qid=1593651237&s=industrial&sr=1-74
ZIRO, TRANSLUCENT RED, PLA, 2.20 pounds, 1.75 millimeters, https://www.amazon.com/ZIRO-Filament-Dimensional-Accuracy-Translucent/dp/B06ZZ478RL/ref=sr_1_75?dchild=1&keywords=orange+filament&qid=1593651238&s=industrial&sr=1-75
TTYT3D, FAST COLOR GRADIENT CHANGE SHINY SILK MULTICOLORED, PLA, 2.20 pounds, 1.75 millimeters, https://www.amazon.com/TTYT3D-Shine-Orange-Printer-Filament/dp/B07T9H7QJ2/ref=sr_1_79?dchild=1&keywords=orange+filament&qid=1593651238&s=industrial&sr=1-79
eSUN, [     ], PETG (POLYETHYLENE TEREPHTALATE GLYCOL-MODIFIED), 2.00 pounds, 3.00 millimeters, https://www.amazon.com/eSUN-Filament-Printer-Diameter-Semi-transparent/dp/B010TWUPDA/ref=sr_1_80?dchild=1&keywords=orange+filament&qid=1593651238&s=industrial&sr=1-80
Flashforge USA, BLUE, PLA, 2.20 pounds, 1.75 millimeters, https://www.amazon.com/Flashforge-USA-Printing-Printer-Filament/dp/B07NVWYJJX/ref=sr_1_81?dchild=1&keywords=orange+filament&qid=1593651238&s=industrial&sr=1-81
eSUN, GRAY, PLA, 3.42 pounds, 1.75 millimeters, https://www.amazon.com/eSUN-1-75mm-Printer-Filament-2-2lbs/dp/B01EKEMUEK/ref=sr_1_82?dchild=1&keywords=orange+filament&qid=1593651238&s=industrial&sr=1-82
3D Solutech, BLUE, PLA, 2.20 pounds, 1.75 millimeters, https://www.amazon.com/3D-Solutech-Filament-Dimensional-Accuracy/dp/B00MB2TW86/ref=sr_1_84?dchild=1&keywords=orange+filament&qid=1593651238&s=industrial&sr=1-84
Gizmo Dorks, VARIETY PACK B, ABS (ACRYLONITRILE BUTADIENE STYRENE), 2.70 pounds, 2.85 millimeters, https://www.amazon.com/Gizmo-Dorks-Printer-Filament-2-85mm/dp/B07HR3Z57P/ref=sr_1_89?dchild=1&keywords=orange+filament&qid=1593651238&s=industrial&sr=1-89
DO3D, BLACK, SILK PLA 3D PRINTER FILAMENT, 2.65 pounds, 1.75 millimeters, https://www.amazon.com/Printer-Filament-Diameter-Printers-DO3D/dp/B07V6J7YT8/ref=sr_1_94?dchild=1&keywords=orange+filament&qid=1593651238&s=industrial&sr=1-94
Dremel, [     ], PLA, 1.65 pounds, [     ], https://www.amazon.com/Dremel-DigiLab-PLA-ORA-01-Filament-Diameter/dp/B084XSB7TD/ref=sr_1_95?dchild=1&keywords=orange+filament&qid=1593651238&s=industrial&sr=1-95
Flashforge USA, BLACK, ACRYLONITRILE_BUTADIENE_STYRENE, 2.20 pounds, 1.75 millimeters, https://www.amazon.com/Flashforge-USA-Printing-Printer-Filament/dp/B07PMLQP12/ref=sr_1_99?dchild=1&keywords=orange+filament&qid=1593651238&s=industrial&sr=1-99
Flashforge USA, BLUE, PLA, 2.20 pounds, 1.75 millimeters, https://www.amazon.com/Flashforge-USA-Printing-Printer-Filament/dp/B07NVWYJJX/ref=sr_1_100?dchild=1&keywords=orange+filament&qid=1593651240&s=industrial&sr=1-100
SHENGTIAN, PURPLE, PLA, 2.20 pounds, 1.75 millimeters, https://www.amazon.com/Filament-Printing-Material-Lavender-SHENGTIAN/dp/B07QRXCF6K/ref=sr_1_101?dchild=1&keywords=orange+filament&qid=1593651240&s=industrial&sr=1-101
IC3D Printers, [     ], [     ], 2 pounds, [     ], https://www.amazon.com/IC3D-Orange-1-75mm-Printer-Filament/dp/B01LZB27XB/ref=sr_1_102?dchild=1&keywords=orange+filament&qid=1593651240&s=industrial&sr=1-102
RepRapper, BLUE, ABS, 2.20 pounds, 1.75 millimeters, https://www.amazon.com/REPRAPPER-Orange-Printing-Filament-1-75mm/dp/B07Y4WVWWH/ref=sr_1_105?dchild=1&keywords=orange+filament&qid=1593651240&s=industrial&sr=1-105
WYZworks, [     ], [     ], 2 pounds, [     ], https://www.amazon.com/WYZworks-1-75mm-Premium-Printer-Filament/dp/B07ND5666S/ref=sr_1_106?dchild=1&keywords=orange+filament&qid=1593651240&s=industrial&sr=1-106
MG Chemicals, BLUE, PLA (POLYLACTIC ACID), 2.20 pounds, 1.75 millimeters, https://www.amazon.com/MG-Chemicals-Orange-Printer-Filament/dp/B014PF0NWU/ref=sr_1_108?dchild=1&keywords=orange+filament&qid=1593651240&s=industrial&sr=1-108
WFLNHB, [     ], PLA, 2.20 pounds, 1.75 millimeters, https://www.amazon.com/3D-Printer-Filament-Diameter-Dimensional/dp/B07WZZLW43/ref=sr_1_110?dchild=1&keywords=orange+filament&qid=1593651240&s=industrial&sr=1-110
SainSmart, [     ], [     ], 2.42 pounds, [     ], https://www.amazon.com/SainSmart-Flexible-Printing-Filament-Dimensional/dp/B00TI3JUV0/ref=sr_1_114?dchild=1&keywords=orange+filament&qid=1593651240&s=industrial&sr=1-114
HATCHBOX, BLUE, PLA, 2.20 pounds, 1.75 millimeters, https://www.amazon.com/HATCHBOX-3D-Filament-Dimensional-Accuracy/dp/B00J0GPC80/ref=sr_1_115?dchild=1&keywords=orange+filament&qid=1593651240&s=industrial&sr=1-115
HATCHBOX, RED, PLA, 2.20 pounds, 1.75 millimeters, https://www.amazon.com/HATCHBOX-3D-Filament-Dimensional-Accuracy/dp/B00J0GO8I0/ref=sr_1_117?dchild=1&keywords=orange+filament&qid=1593651240&s=industrial&sr=1-117
HATCHBOX, BLUE, ABS (ACRYLONITRILE BUTADIENE STYRENE), 2.20 pounds, 1.75 millimeters, https://www.amazon.com/HATCHBOX-3D-ABS-1KG1-75-BLU-Filament-Dimensional/dp/B00J0H3PG0/ref=sr_1_119?dchild=1&keywords=orange+filament&qid=1593651240&s=industrial&sr=1-119
FASTTOBUY, [     ], ALUMINUM, 2.20 pounds, 1.75 millimeters, https://www.amazon.com/1-75mm-Orange-Printer-Filament-2-2lbs/dp/B085VL74D5/ref=sr_1_121?dchild=1&keywords=orange+filament&qid=1593651240&s=industrial&sr=1-121
Gizmo Dorks, VARIETY PACK B, ABS (ACRYLONITRILE BUTADIENE STYRENE), 2.70 pounds, 1.75 millimeters, https://www.amazon.com/Gizmo-Dorks-Printer-Filament-1-75mm/dp/B07HR4SJVL/ref=sr_1_122?dchild=1&keywords=orange+filament&qid=1593651240&s=industrial&sr=1-122
[     ], [     ], [     ], [     ], [     ], https://www.amazon.com/Mwave3D-MBFP001-Orange-Filament-1-75mm-Orange/dp/B00LWH8M00/ref=sr_1_123?dchild=1&keywords=orange+filament&qid=1593651241&s=industrial&sr=1-123
Monoprice, [     ], [     ], 3 ounces, [     ], https://www.amazon.com/Monoprice-Select-Premium-Filament-1-75mm/dp/B07HFPZY4M/ref=sr_1_124?dchild=1&keywords=orange+filament&qid=1593651241&s=industrial&sr=1-124
CC3D, SILK COPPER, PLA, 2.20 pounds, 2.85 millimeters, https://www.amazon.com/Copper-Printer-Filament-Printing-Material/dp/B07GP31WY6/ref=sr_1_127?dchild=1&keywords=orange+filament&qid=1593651241&s=industrial&sr=1-127
Gizmo Dorks, [     ], ABS (ACRYLONITRILE BUTADIENE STYRENE), 9.6 ounces, 2.85 millimeters, https://www.amazon.com/Gizmo-Dorks-Filament-Printers-2-85mm/dp/B074W31CH9/ref=sr_1_128?dchild=1&keywords=orange+filament&qid=1593651241&s=industrial&sr=1-128
Monoprice, [     ], [     ], 2.2 pounds, [     ], https://www.amazon.com/Monoprice-Premium-Printer-Filament-PETG/dp/B01AXHBXMI/ref=sr_1_129?dchild=1&keywords=orange+filament&qid=1593651241&s=industrial&sr=1-129
Suppy3D, PURPLE, PLASTIC, 2.80 pounds, 1.75 millimeters, https://www.amazon.com/Supply3D-Printing-Filament-PLA-Purple/dp/B07RY5H6JR/ref=sr_1_131?dchild=1&keywords=orange+filament&qid=1593651241&s=industrial&sr=1-131
iSANMATE, BLACK, PLA, 2.50 pounds, 1.75 millimeters, https://www.amazon.com/Filament-1-75mm-iSANMATE-Printing-Printer/dp/B07VDLFVP9/ref=sr_1_134?dchild=1&keywords=orange+filament&qid=1593651241&s=industrial&sr=1-134
INLAND, GREEN, PLA, 2.20 pounds , 2.20 pounds, 2.85 millimeters, https://www.amazon.com/Inland-1-75mm-Orange-Printer-Filament/dp/B00YQBGMBU/ref=sr_1_138?dchild=1&keywords=orange+filament&qid=1593651241&s=industrial&sr=1-138
Paramount 3D, [     ], PETG, 2.20 pounds, 1.75 millimeters, https://www.amazon.com/Double-Sided-Copper-Laminate-Circuit/dp/B01LYQV3KA/ref=sr_1_141?dchild=1&keywords=orange+filament&qid=1593651241&s=industrial&sr=1-141
Gizmo Dorks, [     ], ABS (ACRYLONITRILE BUTADIENE STYRENE), [     ], 1.75 millimeters, https://www.amazon.com/Gizmo-Dorks-Filament-Printers-1-75mm/dp/B074VHVV5T/ref=sr_1_148?dchild=1&keywords=orange+filament&qid=1593651241&s=industrial&sr=1-148
[     ], [     ], [     ], [     ], [     ], https://www.amazon.com/s?k=orange+filament&i=industrial&rh=n%3A16310091&page=7&qid=1593651265&ref=sr_hi_1
TOPZEAL, TRANSPARENT, PLA, 2.20 pounds, 1.75 millimeters, https://www.amazon.com/TOPZEAL-Filament-Transparent-Dimensional-Transparent-Orange/dp/B07VBB9HHM/ref=sr_1_147?dchild=1&keywords=orange+filament&qid=1593651242&s=industrial&sr=1-147
ZheJiang Emitting Optoelectronic Technology Co.Ltd, 4.5W-5000K-4 PACK, [     ], 11.5 ounces, [     ], https://www.amazon.com/Flexible-Filament-Light-Equivalent-G25-8W-2700K-6Pack/dp/B0829QCT88/ref=sr_1_148?dchild=1&keywords=orange+filament&qid=1593651242&s=industrial&sr=1-148
Gizmo Dorks, [     ], PLA, 9.6 ounces, 2.85 millimeters, https://www.amazon.com/Gizmo-Dorks-Filament-Printers-2-85mm/dp/B074W7MZLF/ref=sr_1_151?dchild=1&keywords=orange+filament&qid=1593651242&s=industrial&sr=1-151
IC3D Printers, BEIGE, ABS, 2.2 pounds, [     ], https://www.amazon.com/IC3D-Orange-1-75mm-Printer-Filament/dp/B00DVOVI5I/ref=sr_1_152?dchild=1&keywords=orange+filament&qid=1593651242&s=industrial&sr=1-152
Sindoh, [     ], [     ], [     ], [     ], https://www.amazon.com/Sindoh-3DWOX-Flexible-Orange-Filament/dp/B07898BBCQ/ref=sr_1_156?dchild=1&keywords=orange+filament&qid=1593651242&s=industrial&sr=1-156
SUNLU, BLACK, PLA, 2.20 pounds, 1.75 millimeters, https://www.amazon.com/SUNLU-Filament-1-75mm-Printer-Black/dp/B07Q82HVTT/ref=sr_1_163?dchild=1&keywords=orange+filament&qid=1593651242&s=industrial&sr=1-163
3D Solutech, YELLOW, TPE (THERMOPLASTIC ELASTOMER), 2.20 pounds, 1.75 millimeters, https://www.amazon.com/3D-Solutech-Through-Flexible-Filament/dp/B00VKSJ6VK/ref=sr_1_164?dchild=1&keywords=orange+filament&qid=1593651242&s=industrial&sr=1-164
Manli, [     ], [     ], 2.2 pounds, [     ], https://www.amazon.com/Manli-M-PFMPLA-RA-Orange-Filament-Printers/dp/B01MR7UBRJ/ref=sr_1_167?dchild=1&keywords=orange+filament&qid=1593651242&s=industrial&sr=1-167
Suppy3D, RAINBOW, PLA, 2.80 pounds, 1.75 millimeters, https://www.amazon.com/SUPLLY3D-Filament-Rainbow-1-75mm-2-2lb/dp/B07RY6CZJC/ref=sr_1_168?dchild=1&keywords=orange+filament&qid=1593651242&s=industrial&sr=1-168
Suppy3D, PEAK GREEN, PLASTIC, 2.80 pounds, 1.75 millimeters, https://www.amazon.com/SUPPLY3D-Filament-PLA-Green-1-75mm/dp/B07S1692H8/ref=sr_1_172?dchild=1&keywords=orange+filament&qid=1593651242&s=industrial&sr=1-172
[     ], [     ], [     ], [     ], [     ], https://www.amazon.com/s?k=orange+filament&i=industrial&rh=n%3A16310091&page=8&qid=1593651266&ref=sr_hi_1
Banord, S14 BULB, ACRYLIC, 13.9 ounces, [     ], https://www.amazon.com/Banord-Commercial-Candelabra-Incandescent-Replacement/dp/B0748DPP41/ref=sr_1_171?dchild=1&keywords=orange+filament&qid=1593651243&s=industrial&sr=1-171
eSUN, BLUE, ABS, 2.20 pounds, 1.75 millimeters, https://www.amazon.com/eSUN-1-75mm-Printer-Filament-2-2lbs/dp/B01C2COMA2/ref=sr_1_172?dchild=1&keywords=orange+filament&qid=1593651243&s=industrial&sr=1-172
[     ], [     ], [     ], [     ], [     ], https://www.amazon.com/MakerBot-Filament-Diameter-Spool-Orange/dp/B00IUHLYFK/ref=sr_1_173?dchild=1&keywords=orange+filament&qid=1593651243&s=industrial&sr=1-173
ColorCubed, [     ], PLA, 2.20 pounds, 1.75 millimeters, https://www.amazon.com/ColorCubed-Premium-Printer-Filament-Translucent/dp/B075WXNLD1/ref=sr_1_174?dchild=1&keywords=orange+filament&qid=1593651243&s=industrial&sr=1-174
Suppy3D, RED, PLA, 2.80 pounds, 1.75 millimeters, https://www.amazon.com/SUPPLY3D-Filament-PLA-Plus-1-75mm/dp/B07RZ2VDFB/ref=sr_1_176?dchild=1&keywords=orange+filament&qid=1593651243&s=industrial&sr=1-176
Dry & Dry, [     ], [     ], 2.01 pounds, [     ], https://www.amazon.com/Dry-Desiccant-Indicating-Industry-Standard/dp/B01I5Y2DG6/ref=sr_1_178?dchild=1&keywords=orange+filament&qid=1593651243&s=industrial&sr=1-178
Hyperion, [     ], [     ], 1.1 pounds, [     ], https://www.amazon.com/Hyperion-Printer-Filament-1-75mm-Orange/dp/B074L165K3/ref=sr_1_182?dchild=1&keywords=orange+filament&qid=1593651243&s=industrial&sr=1-182
Monoprice, [     ], PLA, 2.91 ounces, 1.75 millimeters, https://www.amazon.com/Monoprice-Hi-Gloss-Printer-Filament-1-75mm/dp/B07NQWTKBG/ref=sr_1_185?dchild=1&keywords=orange+filament&qid=1593651243&s=industrial&sr=1-185
Suchinm, [     ], [     ], 3.00 pounds, [     ], https://www.amazon.com/Printer-Filament-1-75mm-Printing-Consumables/dp/B089Q8NBK7/ref=sr_1_186?dchild=1&keywords=orange+filament&qid=1593651243&s=industrial&sr=1-186
HATCHBOX, [     ], PLA, 2.20 pounds, 1.75 millimeters, https://www.amazon.com/HATCHBOX-3D-Filament-Dimensional-Transparent/dp/B00ZB48M8C/ref=sr_1_188?dchild=1&keywords=orange+filament&qid=1593651243&s=industrial&sr=1-188
SPIDER MAKER, IRON GRAY, PLA, 1.54 pounds, 1.75 millimeters, https://www.amazon.com/SpiderMaker-Printer-PLA-Filament-Incredible/dp/B07NYPH4LS/ref=sr_1_189?dchild=1&keywords=orange+filament&qid=1593651243&s=industrial&sr=1-189
Suppy3D, GRAY, PLA PLUS, 2.80 pounds, 1.75 millimeters, https://www.amazon.com/PLA-Printer-Filament-Dimensional-Accuracy/dp/B07RGZ1XWZ/ref=sr_1_191?dchild=1&keywords=orange+filament&qid=1593651243&s=industrial&sr=1-191
Wintergreen Lighting, [     ], [     ], [     ], [     ], https://www.amazon.com/Christmas-Edison-Vintage-Lights-Filament/dp/B07HQRF84R/ref=sr_1_194?dchild=1&keywords=orange+filament&qid=1593651243&s=industrial&sr=1-194
Fillamentum, [     ], [     ], [     ], 1.75 millimeters, https://www.amazon.com/Fillamentum-Extrafill-Filament-Diameter-Tolerance/dp/B07KGJ6W7P/ref=sr_1_196?dchild=1&keywords=orange+filament&qid=1593651243&s=industrial&sr=1-196
[     ], [     ], [     ], [     ], [     ], https://www.amazon.com/s?k=orange+filament&i=industrial&rh=n%3A16310091&page=9&qid=1593651267&ref=sr_hi_1
HATCHBOX, BLACK, PLA, 2.20 pounds, 1.75 millimeters, https://www.amazon.com/HATCHBOX-3D-Filament-Dimensional-Accuracy/dp/B00J0ECR5I/ref=sr_1_195?dchild=1&keywords=orange+filament&qid=1593651244&s=industrial&sr=1-195
NovaMaker, BLUE, PETG (POLYETHYLENE TEREPHTALATE GLYCOL-MODIFIED), 2.20 pounds, 1.75 millimeters, https://www.amazon.com/NOVAMAKER-3D-Printer-Filament-Dimensional/dp/B0746F9C52/ref=sr_1_202?dchild=1&keywords=orange+filament&qid=1593651244&s=industrial&sr=1-202
Casabella, [     ], [     ], 1.6 ounces, [     ], https://www.amazon.com/Casabella-Extendable-Microfiber-Filament-Graphite/dp/B0105WLWJU/ref=sr_1_203?dchild=1&keywords=orange+filament&qid=1593651244&s=industrial&sr=1-203
CC3D, SILK SILVER OR SILVER GOLD OR SILK COPPER, PLA, 1.10 pounds, 1.75 millimeters, https://www.amazon.com/SILVER-PLA1-75-printer-filament-feeling/dp/B072KZXL7J/ref=sr_1_205?dchild=1&keywords=orange+filament&qid=1593651244&s=industrial&sr=1-205
[     ], [     ], PLA, 2.20 pounds, 1.75 millimeters, https://www.amazon.com/PRINTSPIRE-Printer-Filament-Dimensional-Accuracy/dp/B07DVPPBMB/ref=sr_1_206?dchild=1&keywords=orange+filament&qid=1593651244&s=industrial&sr=1-206
Gizmo Dorks, [     ], PLA, 2.70 pounds, 2.85 millimeters, https://www.amazon.com/Gizmo-Dorks-Filament-Printers-2-85mm/dp/B074VP8QKR/ref=sr_1_209?dchild=1&keywords=orange+filament&qid=1593651244&s=industrial&sr=1-209
MIKA3D, 32 COLORS: 4 METALLIC COLORS, 10 TRANSPARENT COLORS AND 18 POPULAR SOLID COLORS, PLA, 10.6 ounces, 1.75 millimeters, https://www.amazon.com/Colors-Filament-Refills-Finger-Mika3D/dp/B07B6VY719/ref=sr_1_211?dchild=1&keywords=orange+filament&qid=1593651244&s=industrial&sr=1-211
eSUN, LIGHT BLUE, PLA, 2.20 pounds, 1.75 millimeters, https://www.amazon.com/eSUN-1-75mm-Printer-Filament-2-2lbs/dp/B01EKEMN9W/ref=sr_1_212?dchild=1&keywords=orange+filament&qid=1593651244&s=industrial&sr=1-212
Twotrees, TRANSPARENT, ABS, 2.20 pounds, 1.75 millimeters, https://www.amazon.com/Twotrees-Filament-Dimensional-Accuracy-Printer/dp/B07PR38Y67/ref=sr_1_213?dchild=1&keywords=orange+filament&qid=1593651244&s=industrial&sr=1-213
Paramount 3D, [     ], [     ], [     ], [     ], https://www.amazon.com/Paramount-3D-Yellow-Filament-SYRL1003137C/dp/B01N061P8X/ref=sr_1_215?dchild=1&keywords=orange+filament&qid=1593651244&s=industrial&sr=1-215
HATCHBOX, [     ], WOOD, 2.20 pounds, 1.75 millimeters, https://www.amazon.com/HATCHBOX-3D-Filament-Dimensional-Accuracy/dp/B01092XXD4/ref=sr_1_219?dchild=1&keywords=orange+filament&qid=1593651244&s=industrial&sr=1-219
[     ], [     ], [     ], [     ], [     ], https://www.amazon.com/s?k=orange+filament&i=industrial&rh=n%3A16310091&page=10&qid=1593651268&ref=sr_hi_1
SooFoo, [     ], CLEAR GLASS + STURDY FILAMENT + PREMIUM BRASS BASE, 7.2 ounces, [     ], https://www.amazon.com/Edison-Light-Vintage-Antique-Incandescent/dp/B01I3XGIFQ/ref=sr_1_219?dchild=1&keywords=orange+filament&qid=1593651245&s=industrial&sr=1-219
SainSmart, MANGO MOJITO, TPU, [     ], 1.75 millimeters, https://www.amazon.com/SAINSMART-Flexible-Printing-Filament-Dimensional/dp/B07VV2NH9P/ref=sr_1_222?dchild=1&keywords=orange+filament&qid=1593651245&s=industrial&sr=1-222
ERYONE, BLACK, PLA, 2.20 pounds, 1.75 millimeters, https://www.amazon.com/Filament-1-75mm-ERYONE-Printing-Printer/dp/B07DN35CXQ/ref=sr_1_224?dchild=1&keywords=orange+filament&qid=1593651245&s=industrial&sr=1-224
SYLVANIA, GREEN, GLASS, 1.83 ounces, [     ], https://www.amazon.com/Sylvania-40303-Filament-Decorative-Lighting/dp/B07M8SNQ3W/ref=sr_1_225?dchild=1&keywords=orange+filament&qid=1593651245&s=industrial&sr=1-225
XVICO, MULTICOLORED, PLA, 2.20 pounds, 1.75 millimeters, https://www.amazon.com/XVICO-Filaments-Rainbow-Printer-Filament/dp/B07YCS2MK3/ref=sr_1_228?dchild=1&keywords=orange+filament&qid=1593651245&s=industrial&sr=1-228
eSUN, SOLID OPAQUE BLUE, PETG (POLYETHYLENE TEREPHTALATE GLYCOL-MODIFIED), 2.20 pounds, 1.75 millimeters, https://www.amazon.com/eSUN-1-75mm-Printer-Filament-2-2lbs/dp/B01LMDFYVS/ref=sr_1_229?dchild=1&keywords=orange+filament&qid=1593651245&s=industrial&sr=1-229
TIGTAK, GREY+WHITE+BLACK, PLA, [     ], 1.75 millimeters, https://www.amazon.com/Printer-Filament-PLA-1-75mm-Environmentally/dp/B084GQS7NW/ref=sr_1_230?dchild=1&keywords=orange+filament&qid=1593651245&s=industrial&sr=1-230
HATCHBOX, GREEN, PETG (POLYETHYLENE TEREPHTALATE GLYCOL-MODIFIED), 2.20 pounds, 1.75 millimeters, https://www.amazon.com/HATCHBOX-3D-Filament-Dimensional-Accuracy/dp/B014VM991I/ref=sr_1_236?dchild=1&keywords=orange+filament&qid=1593651245&s=industrial&sr=1-236
heaven2017, [     ], [     ], [     ], [     ], https://www.amazon.com/heaven2017-Teflonto-TL-Feeder-Insulated-Filament/dp/B07PQCQGXL/ref=sr_1_237?dchild=1&keywords=orange+filament&qid=1593651245&s=industrial&sr=1-237
Proto-Pasta, [     ], COPPER, 1.10 pounds, 1.75 millimeters, https://www.amazon.com/Proto-Pasta-Metallic-Orange-Printing-Filament/dp/B07K6VWDZ7/ref=sr_1_239?dchild=1&keywords=orange+filament&qid=1593651245&s=industrial&sr=1-239
TIGTAK, BLACK, PLA, [     ], 1.75 millimeters, https://www.amazon.com/TigTak-Printer-Filament-1-75mm-Environmentally/dp/B07XL1JVHJ/ref=sr_1_241?dchild=1&keywords=orange+filament&qid=1593651245&s=industrial&sr=1-241
stronghero3d, BLACK, PETG (POLYETHYLENE TEREPHTALATE GLYCOL-MODIFIED), 2.20 pounds, 1.75 millimeters, https://www.amazon.com/Stronghero3D-Printing-Filament-Accuracy-0-03mm/dp/B07D76Q75L/ref=sr_1_242?dchild=1&keywords=orange+filament&qid=1593651245&s=industrial&sr=1-242
[     ], [     ], [     ], [     ], [     ], https://www.amazon.com/s?k=orange+filament&i=industrial&rh=n%3A16310091&page=11&qid=1593651269&ref=sr_hi_1
GO-3D PRINT, [     ], [     ], 13 ounces, [     ], https://www.amazon.com/GO-3D-Temperature-Changing-Printing-Filament/dp/B01E9G5VAO/ref=sr_1_243?dchild=1&keywords=orange+filament&qid=1593651247&s=industrial&sr=1-243
Emotionlite, 2200K AMBER GLOW, GLASS, 7.7 ounces, [     ], https://www.amazon.com/Emotionlite-Dimmable-Candelabra-Chandelier-Equivalent/dp/B076Q8T72P/ref=sr_1_244?dchild=1&keywords=orange+filament&qid=1593651247&s=industrial&sr=1-244
CC3D, SILK GREEN, PLA, 2.20 pounds, 1.75 millimeters, https://www.amazon.com/Filament-1-75mm-Printer-Printing-Material/dp/B07JQHXW1W/ref=sr_1_245?dchild=1&keywords=orange+filament&qid=1593651247&s=industrial&sr=1-245
Suppy3D, BLUE, PLASTIC, 2.80 pounds, 1.75 millimeters, https://www.amazon.com/SUPPLY3D-Printing-Filament-PLA-1-75mm/dp/B07RX49GST/ref=sr_1_246?dchild=1&keywords=orange+filament&qid=1593651247&s=industrial&sr=1-246
3D Solutech, [     ], PLA, 2.20 pounds, 1.75 millimeters, https://www.amazon.com/3D-Solutech-Filament-Dimensional-Accuracy/dp/B07BJ47FK8/ref=sr_1_247?dchild=1&keywords=orange+filament&qid=1593651247&s=industrial&sr=1-247
Dry & Dry, [     ], PLASTIC, [     ], [     ], https://www.amazon.com/Dry-Desiccant-Indicating-Industry-Standard/dp/B01LYQ3MI2/ref=sr_1_254?dchild=1&keywords=orange+filament&qid=1593651247&s=industrial&sr=1-254
SYLVANIA, BLUE, GLASS, 1.8 ounces, [     ], https://www.amazon.com/Sylvania-40304-Filament-Decorative-Available/dp/B07M8YXGSC/ref=sr_1_257?dchild=1&keywords=orange+filament&qid=1593651247&s=industrial&sr=1-257
DURAMIC 3D, BLACK, PLA, 2.20 pounds, 1.75 millimeters, https://www.amazon.com/DURAMIC-3D-Filament-Printing-Dimensional/dp/B07TWDF866/ref=sr_1_259?dchild=1&keywords=orange+filament&qid=1593651247&s=industrial&sr=1-259
Sunlite, PURPLE, GLASS, 0.32 ounces, [     ], https://www.amazon.com/Sunlite-40945-Standard-Filament-Transparent/dp/B07B4DQ6QW/ref=sr_1_260?dchild=1&keywords=orange+filament&qid=1593651247&s=industrial&sr=1-260
3D Solutech, GREEN, PLA, 2.20 pounds, 1.75 millimeters, https://www.amazon.com/3D-Solutech-Filament-Dimensional-Accuracy/dp/B07BN8H2LQ/ref=sr_1_261?dchild=1&keywords=orange+filament&qid=1593651247&s=industrial&sr=1-261
CC3D, BLUE GREY, PETG, 2.20 pounds, 1.75 millimeters, https://www.amazon.com/Filament-1-75mm-Printer-Printing-Materials/dp/B082WV6FRP/ref=sr_1_262?dchild=1&keywords=orange+filament&qid=1593651247&s=industrial&sr=1-262
Orange Tech, ST64-WHITE, [     ], 1.03 pounds, [     ], https://www.amazon.com/Dimmable-Equivalent-Orange-Tech-ST64-White/dp/B082TL955F/ref=sr_1_263?dchild=1&keywords=orange+filament&qid=1593651247&s=industrial&sr=1-263
INTERTECK PACKAGING, [     ], [     ], [     ], [     ], https://www.amazon.com/INTERTECK-PACKAGING-Dry-Disc-Dehumidifier/dp/B084SR31B8/ref=sr_1_264?dchild=1&keywords=orange+filament&qid=1593651247&s=industrial&sr=1-264
CC3D, SILK PINK, PLA, 2.20 pounds, 1.75 millimeters, https://www.amazon.com/CC3D-Filament-Printing-Material-Metallic/dp/B082VX4JQQ/ref=sr_1_265?dchild=1&keywords=orange+filament&qid=1593651247&s=industrial&sr=1-265
CC3D, SILK ANTIQUE GOLD, PLA, 2.20 pounds, 2.85 millimeters, https://www.amazon.com/Filament-Printing-Material-Filaments-Materials/dp/B07XC528PL/ref=sr_1_267?dchild=1&keywords=orange+filament&qid=1593651247&s=industrial&sr=1-267
findmall, BROWN, ABS (ACRYLONITRILE BUTADIENE STYRENE), 2.20 pounds, 1.75 millimeters, https://www.amazon.com/ABS-Printer-Filament-Dimensional-Transparent/dp/B082STFS3H/ref=sr_1_268?dchild=1&keywords=orange+filament&qid=1593651247&s=industrial&sr=1-268
CC3D, BLACK, PETG, 2.20 pounds, 1.75 millimeters, https://www.amazon.com/Filament-1-75mm-Printer-Printing-Materials/dp/B082WV99YH/ref=sr_1_269?dchild=1&keywords=orange+filament&qid=1593651248&s=industrial&sr=1-269
nologo, [     ], [     ], 3.09 pounds, [     ], https://www.amazon.com/Black-Printer-Filament-Dimensional-Professional/dp/B08BY7X1G7/ref=sr_1_272?dchild=1&keywords=orange+filament&qid=1593651248&s=industrial&sr=1-272
3D Solutech, BLACK, PLA, 2.20 pounds, 1.75 millimeters, https://www.amazon.com/3D-Solutech-Filament-Dimensional-Accuracy/dp/B00ME7CV7C/ref=sr_1_273?dchild=1&keywords=orange+filament&qid=1593651248&s=industrial&sr=1-273
Monoprice, BLACK, ABS, 2.20 pounds, 1.75 millimeters, https://www.amazon.com/Monoprice-ABS-Plus-Premium-Filament/dp/B01M0R5737/ref=sr_1_275?dchild=1&keywords=orange+filament&qid=1593651248&s=industrial&sr=1-275
eSUN, [     ], PETG (POLYETHYLENE TEREPHTALATE GLYCOL-MODIFIED), 2.20 pounds, 1.75 millimeters, https://www.amazon.com/eSUN-1-75mm-Semi-Transparent-Filament-Printer/dp/B07NS434JM/ref=sr_1_276?dchild=1&keywords=orange+filament&qid=1593651248&s=industrial&sr=1-276
eSUN, SOLID OPAQUE BLACK, PETG (POLYETHYLENE TEREPHTALATE GLYCOL-MODIFIED), 2.20 pounds, 1.75 millimeters, https://www.amazon.com/eSUN-1-75mm-Filament-Printer-Opaque/dp/B00ZAUQZTA/ref=sr_1_277?dchild=1&keywords=orange+filament&qid=1593651248&s=industrial&sr=1-277
Panospace, [     ], PLA, 12.8 ounces, 1.75 millimeters, https://www.amazon.com/Panospace-PS06-Printer-Diameter-Filament/dp/B077H8XWF7/ref=sr_1_278?dchild=1&keywords=orange+filament&qid=1593651248&s=industrial&sr=1-278
CC3D, TRANSPARENT, PETG, 2.20 pounds, 1.75 millimeters, https://www.amazon.com/Transparent-Filament-Printer-Printing-Materials/dp/B082WR3G2L/ref=sr_1_282?dchild=1&keywords=orange+filament&qid=1593651248&s=industrial&sr=1-282
Foshan QIBAIXI trade Co.,LTD, BLACK, [     ], 2.2 pounds, [     ], https://www.amazon.com/3D-BEST-Q-Flexible-Filament-Dimensional/dp/B078HYXN2N/ref=sr_1_284?dchild=1&keywords=orange+filament&qid=1593651248&s=industrial&sr=1-284
CC3D, WHITE, PETG, 2.20 pounds, 1.75 millimeters, https://www.amazon.com/Filament-1-75mm-Printer-Printing-Materials/dp/B082WSBZ3N/ref=sr_1_285?dchild=1&keywords=orange+filament&qid=1593651248&s=industrial&sr=1-285
HATCHBOX, 3D PLA-1KG3.00-BLU, PLA, 2.20 pounds, 3.00 millimeters, https://www.amazon.com/HATCHBOX-3D-Filament-Dimensional-Accuracy/dp/B019EFBAEG/ref=sr_1_286?dchild=1&keywords=orange+filament&qid=1593651248&s=industrial&sr=1-286
Gizmo Dorks, [     ], ABS (ACRYLONITRILE BUTADIENE STYRENE), 9.6 ounces, 1.75 millimeters, https://www.amazon.com/Gizmo-Dorks-Filament-Printers-1-75mm/dp/B074VHTWMM/ref=sr_1_289?dchild=1&keywords=orange+filament&qid=1593651248&s=industrial&sr=1-289
CC3D, SILK BLACK, SILK PLA, 2.20 pounds, 1.75 millimeters, https://www.amazon.com/Filament-Metallic-Printing-Materials-Compatible/dp/B07QMQ4CPB/ref=sr_1_290?dchild=1&keywords=orange+filament&qid=1593651248&s=industrial&sr=1-290
CC3D, YELLOW, PETG, 2.20 pounds, 1.75 millimeters, https://www.amazon.com/Yellow-Filament-Printer-Printing-Materials/dp/B082WTC39D/ref=sr_1_291?dchild=1&keywords=orange+filament&qid=1593651248&s=industrial&sr=1-291
johnshine, [     ], [     ], [     ], [     ], https://www.amazon.com/johnshine-Creative-Multi-Colors-Crafting-Filaments/dp/B08BL2R5SR/ref=sr_1_292?dchild=1&keywords=orange+filament&qid=1593651248&s=industrial&sr=1-292
PXTTLKJ, [     ], [     ], 4.41 pounds, [     ], https://www.amazon.com/No-branded-Accessory-Filament-Printing-Printers/dp/B08BP87KMD/ref=sr_1_291?dchild=1&keywords=orange+filament&qid=1593651249&s=industrial&sr=1-291
nologo, [     ], [     ], 2.87 pounds, [     ], https://www.amazon.com/Printing-Filament-Dimensional-Accuracy-Precision/dp/B08BY7K51B/ref=sr_1_292?dchild=1&keywords=orange+filament&qid=1593651249&s=industrial&sr=1-292
CC3D, SILK GOLD, PLA, 2.20 pounds, 2.85 millimeters, https://www.amazon.com/Printer-Filament-2-85mm-Printing-Material/dp/B07CWJC6LJ/ref=sr_1_295?dchild=1&keywords=orange+filament&qid=1593651249&s=industrial&sr=1-295
CC3D, BLUE GREY, PLA, 2.20 pounds, 1.75 centimeters, https://www.amazon.com/Filament-Printing-Materials-Strength-CC3D/dp/B0836FJ3G1/ref=sr_1_299?dchild=1&keywords=orange+filament&qid=1593651249&s=industrial&sr=1-299
CC3D, SILK ROSE GOLD(DARK), PLA, 2.20 pounds, 1.75 millimeters, https://www.amazon.com/Filamento-impresora-impresi%C3%B3n-brillante-materiales/dp/B07QN2K5Q9/ref=sr_1_300?dchild=1&keywords=orange+filament&qid=1593651249&s=industrial&sr=1-300
HATCHBOX, WHITE, PLA, 2.20 pounds, 1.75 millimeters, https://www.amazon.com/HATCHBOX-3D-Filament-Dimensional-Accuracy/dp/B00J0GMMP6/ref=sr_1_301?dchild=1&keywords=orange+filament&qid=1593651249&s=industrial&sr=1-301
PXTTLKJ, [     ], [     ], 2.2 pounds, [     ], https://www.amazon.com/No-branded-Accessory-Filament-Material-Temperature/dp/B08BZ2RFL5/ref=sr_1_302?dchild=1&keywords=orange+filament&qid=1593651249&s=industrial&sr=1-302
Orange_ Light, CLEAR, [     ], 8.7 ounces, [     ], https://www.amazon.com/Orange_light-Plastic-Replacement-Edison-Bulbs/dp/B0816WLWHS/ref=sr_1_305?dchild=1&keywords=orange+filament&qid=1593651249&s=industrial&sr=1-305
Monoprice, [     ], PLA, 2.91 pounds, 1.75 millimeters, https://www.amazon.com/Monoprice-Hi-Gloss-Printer-Filament-1-75mm/dp/B07NQTZZTB/ref=sr_1_306?dchild=1&keywords=orange+filament&qid=1593651249&s=industrial&sr=1-306
Creality 3D, [     ], [     ], 22.7 pounds, [     ], https://www.amazon.com/Creality-3D-CR-10S-Filament-Detector/dp/B076CFKDBH/ref=sr_1_309?dchild=1&keywords=orange+filament&qid=1593651249&s=industrial&sr=1-309
3DFUEL FUELING YOUR CREATIVITY, [     ], PLA, 2.20 pounds, 1.75 millimeters, https://www.amazon.com/Tangerine-Orange-Filament-Diameter-Tolerance/dp/B076HDQMPL/ref=sr_1_311?dchild=1&keywords=orange+filament&qid=1593651249&s=industrial&sr=1-311
eSUN, SOLID RED, PETG, 2.20 pounds, 1.75 millimeters, https://www.amazon.com/eSUN-1-75mm-Filament-Printer-Opaque/dp/B012ULUSQW/ref=sr_1_312?dchild=1&keywords=orange+filament&qid=1593651249&s=industrial&sr=1-312
E3D, [     ], TPU, 1.10 pounds, 1.75 millimeters, https://www.amazon.com/3DMakerWorld-E3D-spoolWorks-Semi-flexible-Filament/dp/B075CVTXNM/ref=sr_1_313?dchild=1&keywords=orange+filament&qid=1593651249&s=industrial&sr=1-313
HATCHBOX, COOL GRAY, PLA, 2.20 pounds, 1.75 millimeters, https://www.amazon.com/HATCHBOX-3D-Filament-Dimensional-Accuracy/dp/B015I1CYFE/ref=sr_1_314?dchild=1&keywords=orange+filament&qid=1593651249&s=industrial&sr=1-314
CC3D, GRASS GREEN, PETG, 2.20 pounds, 1.75 millimeters, https://www.amazon.com/Transparent-Filament-Printer-Printing-Materials/dp/B082WV5KXZ/ref=sr_1_315?dchild=1&keywords=orange+filament&qid=1593651249&s=industrial&sr=1-315
eSUN, FIRE ENGINE RED (PANTONE 199C), PLA, 2.20 pounds, 1.75 millimeters, https://www.amazon.com/eSUN-1-75mm-Printer-Filament-Pantone/dp/B07846LFNB/ref=sr_1_316?dchild=1&keywords=orange+filament&qid=1593651249&s=industrial&sr=1-316
CC3D, SILK SAPPHIRE BLUE, PLA, 2.20 pounds, 1.75 millimeters, https://www.amazon.com/Filamento-impresora-zafiro-brillante-material/dp/B077VV7SMH/ref=sr_1_315?dchild=1&keywords=orange+filament&qid=1593651250&s=industrial&sr=1-315
YUANEANG, FLUO PINK, POLYLACTIC ACID, 2.20 pounds, 1.75 millimeters, https://www.amazon.com/YUANEANG-Filament-Tenacity-Dimensional-Accuracy/dp/B07Y2LR5D2/ref=sr_1_316?dchild=1&keywords=orange+filament&qid=1593651250&s=industrial&sr=1-316
eSUN, [     ], PETG (POLYETHYLENE TEREPHTALATE GLYCOL-MODIFIED), 2.20 pounds, 1.75 millimeters, https://www.amazon.com/eSUN-1-75mm-Semi-Transparent-Filament-Printer/dp/B07NS434JM/ref=sr_1_318?dchild=1&keywords=orange+filament&qid=1593651250&s=industrial&sr=1-318
Gizmo Dorks, [     ], PLA, [     ], 2.85 millimeters, https://www.amazon.com/Gizmo-Dorks-Filament-2-85mm-Printers/dp/B07CYLGDW2/ref=sr_1_321?dchild=1&keywords=orange+filament&qid=1593651250&s=industrial&sr=1-321
CC3D, BLUE, PETG, 2.20 pounds, 1.75 millimeters, https://www.amazon.com/Filament-1-75mm-Printer-Printing-Materials/dp/B082WVJ5W4/ref=sr_1_329?dchild=1&keywords=orange+filament&qid=1593651250&s=industrial&sr=1-329
Gizmo Dorks, [     ], ABS (ACRYLONITRILE BUTADIENE STYRENE), 9.6 ounces, 2.85 millimeters, https://www.amazon.com/Gizmo-Dorks-Filament-Printers-2-85mm/dp/B074W3HVKT/ref=sr_1_331?dchild=1&keywords=orange+filament&qid=1593651250&s=industrial&sr=1-331
CC3D, BLACK, PLA, 2.87 pounds, 1.75 millimeters, https://www.amazon.com/Crystal-Shining-Printer-Filament-Speckle/dp/B07BTS6MHN/ref=sr_1_332?dchild=1&keywords=orange+filament&qid=1593651250&s=industrial&sr=1-332
nologo, [     ], [     ], 2.87 pounds, [     ], https://www.amazon.com/1-75MM-Printer-Filament-Precision-Material/dp/B08C2882W3/ref=sr_1_333?dchild=1&keywords=orange+filament&qid=1593651250&s=industrial&sr=1-333
nologo, [     ], [     ], 2.87 pounds, [     ], https://www.amazon.com/Filament-3D-Printer-Eco-Friendly-Material-Dimensional-Accuracy-0-03mm/dp/B08C27SJQ7/ref=sr_1_334?dchild=1&keywords=orange+filament&qid=1593651250&s=industrial&sr=1-334
PXTTLKJ, [     ], [     ], 3.31 pounds, [     ], https://www.amazon.com/No-branded-Accessory-Filament-Printing-Strength/dp/B08BRTSMTM/ref=sr_1_335?dchild=1&keywords=orange+filament&qid=1593651250&s=industrial&sr=1-335
CC3D, SILK RAINBOW, PLA, 2.20 pounds, 2.85 millimeters, https://www.amazon.com/Multicolor-Filamentt-Mulitcolor-Multicolored-CC3D/dp/B07VPGY22C/ref=sr_1_336?dchild=1&keywords=orange+filament&qid=1593651250&s=industrial&sr=1-336
Walfront, [     ], MATERIAL, 3 pounds, [     ], https://www.amazon.com/Filament-Accessories-Printing-Consumables-190-220%E2%84%83/dp/B08BCNZGNN/ref=sr_1_339?dchild=1&keywords=orange+filament&qid=1593651250&s=industrial&sr=1-339
Orange_light, 15 PACK, [     ], 8.8 ounces, [     ], https://www.amazon.com/KGC-Replacement-Equivalent-Non-Dimmable-Shatterproof/dp/B085TLRWBT/ref=sr_1_340?dchild=1&keywords=orange+filament&qid=1593651250&s=industrial&sr=1-340
HATCHBOX, GREEN, TPU, 2.20 pounds, 1.75 millimeters, https://www.amazon.com/HATCHBOX-Printer-Filament-Dimensional-Accuracy/dp/B01LVZ42SZ/ref=sr_1_339?dchild=1&keywords=orange+filament&qid=1593651251&s=industrial&sr=1-339
TIGTAK, 2GREY, PLA, [     ], 1.75 millimeters, https://www.amazon.com/TigTak-Printer-Filament-1-75mm-Environmentally/dp/B084GQSS7W/ref=sr_1_340?dchild=1&keywords=orange+filament&qid=1593651251&s=industrial&sr=1-340
ZheJiang Emitting Optoelectronic Technology Co.Ltd, WHITE, GLASS, 13.6 ounces, [     ], https://www.amazon.com/Light-Filament-Equivalent-Dimmable-Bathroom/dp/B0829PYRL3/ref=sr_1_341?dchild=1&keywords=orange+filament&qid=1593651251&s=industrial&sr=1-341
SUNLU, BLACK, PETG (POLYETHYLENE TEREPHTALATE GLYCOL-MODIFIED), 2.20 pounds, 1.75 millimeters, https://www.amazon.com/SUNLU-Filament-Dimensional-Accuracy-Printing/dp/B075M8RR22/ref=sr_1_342?dchild=1&keywords=orange+filament&qid=1593651251&s=industrial&sr=1-342
Paramount 3D, [     ], [     ], [     ], [     ], https://www.amazon.com/Paramount-3D-1-75mm-Filament-Multiple/dp/B01M0P5166/ref=sr_1_343?dchild=1&keywords=orange+filament&qid=1593651251&s=industrial&sr=1-343
eSUN, SOLID OPAQUE SILVER, PETG (POLYETHYLENE TEREPHTALATE GLYCOL-MODIFIED), 2.20 pounds, 1.75 millimeters, https://www.amazon.com/eSUN-1-75mm-Silver-Printer-Filament/dp/B01LMDFWVU/ref=sr_1_344?dchild=1&keywords=orange+filament&qid=1593651251&s=industrial&sr=1-344
ERYONE, WHITE, PLA, 2.20 pounds, 1.75 millimeters, https://www.amazon.com/Filament-1-75mm-ERYONE-Printing-Printer/dp/B07DN4MCD7/ref=sr_1_345?dchild=1&keywords=orange+filament&qid=1593651251&s=industrial&sr=1-345
TRONXY, BLUE, TPU, 2.20 pounds, 1.75 millimeters, https://www.amazon.com/Flexible-Blue-Filament-1-75-Material/dp/B07HGYLP8D/ref=sr_1_346?dchild=1&keywords=orange+filament&qid=1593651251&s=industrial&sr=1-346
nologo, [     ], [     ], 2.87 pounds, [     ], https://www.amazon.com/dp/B08C5818L6/ref=sr_1_348?dchild=1&keywords=orange+filament&qid=1593651251&s=industrial&sr=1-348
SBKDPT, [     ], [     ], 2.2 pounds, [     ], https://www.amazon.com/Printer-Filament-Degradable-Extruder-Consumable/dp/B08BZHZV1K/ref=sr_1_349?dchild=1&keywords=orange+filament&qid=1593651251&s=industrial&sr=1-349
CC3D, GREEN TO YELLOW, PLA, 2.87 pounds, 1.75 millimeters, https://www.amazon.com/Filament-Dimensional-Accuracy-Printing-Temperature/dp/B071HLVQ9Q/ref=sr_1_350?dchild=1&keywords=orange+filament&qid=1593651251&s=industrial&sr=1-350
3D Hero, BLACK, PETG, 2.20 pounds, 1.75 millimeters, https://www.amazon.com/3D-Hero-Filament-Dimensional-Accuracy/dp/B07CVHHMPN/ref=sr_1_353?dchild=1&keywords=orange+filament&qid=1593651251&s=industrial&sr=1-353
CC3D, SLATE GREY, PLA, 2.20 pounds, 1.75 millimeters, https://www.amazon.com/Filament-Materials-Toughness-Filamentt-CC3D/dp/B07R1RD72N/ref=sr_1_355?dchild=1&keywords=orange+filament&qid=1593651251&s=industrial&sr=1-355
Longer, [     ], [     ], [     ], [     ], https://www.amazon.com/Parallel-Lighting-Off-line-Self-developed-Temperature/dp/B07RT7TW38/ref=sr_1_356?dchild=1&keywords=orange+filament&qid=1593651251&s=industrial&sr=1-356
CC3D, SILK BRONZE, POLYLACTIC ACID (PLA), 2.20 pounds, 1.75 millimeters, https://www.amazon.com/Bronze-Filament-Printer-Printing-Material/dp/B07FCC3TJG/ref=sr_1_357?dchild=1&keywords=orange+filament&qid=1593651251&s=industrial&sr=1-357
eSUN, SOLID OPAQUE GRAY, PETG (POLYETHYLENE TEREPHTALATE GLYCOL-MODIFIED), 2.20 pounds, 1.75 millimeters, https://www.amazon.com/eSUN-1-75mm-Printer-Filament-2-2lbs/dp/B01LMDFYCM/ref=sr_1_358?dchild=1&keywords=orange+filament&qid=1593651251&s=industrial&sr=1-358
Sunco Lighting, 2700K SOFT WHITE, GLASS, 8.8 ounces, [     ], https://www.amazon.com/Sunco-Lighting-Candelabra-Waterproof-Chandelier/dp/B083ZKRKG5/ref=sr_1_359?dchild=1&keywords=orange+filament&qid=1593651251&s=industrial&sr=1-359
WFLNHB, [     ], PLA, 2.20 pounds, 1.75 millimeters, https://www.amazon.com/3D-Printer-Filament-Diameter-Dimensional/dp/B07X5J14BY/ref=sr_1_360?dchild=1&keywords=orange+filament&qid=1593651251&s=industrial&sr=1-360
HUDSON LIGHTING, [     ], [     ], 11.2 ounces, [     ], https://www.amazon.com/Vintage-Incandescent-Edison-Light-Bulbs/dp/B01BDTGFUK/ref=sr_1_361?dchild=1&keywords=orange+filament&qid=1593651251&s=industrial&sr=1-361
CC3D, SILK ANTIQUE GOLD, PLA, 2.20 pounds, 1.75 millimeters, https://www.amazon.com/Antique-Filament-Printing-Material-metaiilic/dp/B07JYWXVFW/ref=sr_1_362?dchild=1&keywords=orange+filament&qid=1593651251&s=industrial&sr=1-362
HATCHBOX, GREEN, PLA, 2.20 pounds, 1.75 millimeters, https://www.amazon.com/HATCHBOX-3D-Filament-Dimensional-Accuracy/dp/B00J0GQ2OS/ref=sr_1_363?dchild=1&keywords=orange+filament&qid=1593651251&s=industrial&sr=1-363
Gizmo Dorks, [     ], ABS (ACRYLONITRILE BUTADIENE STYRENE), 2.70 pounds, 1.75 millimeters, https://www.amazon.com/Gizmo-Dorks-Filament-Printers-1-75mm/dp/B074VP8TXR/ref=sr_1_364?dchild=1&keywords=orange+filament&qid=1593651251&s=industrial&sr=1-364
[     ], [     ], [     ], [     ], [     ], https://www.amazon.com/s?k=orange+filament&i=industrial&rh=n%3A16310091&page=16&qid=1593651274&ref=sr_hi_1
CC3D, MAILBOX RED, PLA, 2.20 pounds, 1.75 millimeters, https://www.amazon.com/Filament-Printer-Printing-Materials-Strength/dp/B07QVHL3VW/ref=sr_1_363?dchild=1&keywords=orange+filament&qid=1593651252&s=industrial&sr=1-363
nologo, [     ], [     ], 2.87 pounds, [     ], https://www.amazon.com/Filament-3D-Printer-Degradable-Environmentally-Friendly-Flexible/dp/B08C2BB4HP/ref=sr_1_364?dchild=1&keywords=orange+filament&qid=1593651252&s=industrial&sr=1-364
SBKDPT, [     ], [     ], 2.2 pounds, [     ], https://www.amazon.com/SBKDPT-Filament-Non-Toxic-Consumable-Materials/dp/B08BZJWHRB/ref=sr_1_365?dchild=1&keywords=orange+filament&qid=1593651252&s=industrial&sr=1-365
nologo, [     ], [     ], 3.09 pounds, [     ], https://www.amazon.com/Pink-3-00mm-LPA-Printer-Filament/dp/B08BY6Z66H/ref=sr_1_366?dchild=1&keywords=orange+filament&qid=1593651252&s=industrial&sr=1-366
nologo, [     ], [     ], 3.09 pounds, [     ], https://www.amazon.com/Printer-Filament-Dimensional-Accuracy-Printers/dp/B08BY6TL9M/ref=sr_1_367?dchild=1&keywords=orange+filament&qid=1593651252&s=industrial&sr=1-367
nologo, [     ], [     ], 3.09 pounds, [     ], https://www.amazon.com/1-75mm-PLA-Printer-Filament-Spool/dp/B08BJYJPR5/ref=sr_1_368?dchild=1&keywords=orange+filament&qid=1593651252&s=industrial&sr=1-368
ZIRO, YELLOW, PLA, 2.20 pounds, 1.75 millimeters, https://www.amazon.com/ZIRO-Filament-1Killogram-Dimensional-Accuracy/dp/B00ECHRIKM/ref=sr_1_369?dchild=1&keywords=orange+filament&qid=1593651252&s=industrial&sr=1-369
TRONXY, [     ], TPU, 2.20 pounds, 1.75 millimeters, https://www.amazon.com/Flexible-White-Filament-1-75-Material/dp/B07RYSSVC3/ref=sr_1_370?dchild=1&keywords=orange+filament&qid=1593651252&s=industrial&sr=1-370
Sunco Lighting, 2700K SOFT WHITE, PLASTIC, 3 pounds, [     ], https://www.amazon.com/Sunco-Lighting-Dimmable-Waterproof-Restauarant/dp/B086Z728PB/ref=sr_1_371?dchild=1&keywords=orange+filament&qid=1593651252&s=industrial&sr=1-371
YUANEANG, FLUO PINK, POLYLACTIC ACID, 2.20 pounds, 1.75 millimeters, https://www.amazon.com/YUANEANG-Filament-Tenacity-Dimensional-Accuracy/dp/B07Y2LR5D2/ref=sr_1_372?dchild=1&keywords=orange+filament&qid=1593651252&s=industrial&sr=1-372
eSUN, GREEN, ABS, 2.87 pounds, 1.75 millimeters, https://www.amazon.com/Esun-filament-Solidoodle-Flashforge-840249121056/dp/B00VDX7TFC/ref=sr_1_373?dchild=1&keywords=orange+filament&qid=1593651252&s=industrial&sr=1-373
love lamp, [     ], [     ], 0.035 ounces, [     ], https://www.amazon.com/Printer-Filament-Plastic-Printing-Material/dp/B089QGW6VF/ref=sr_1_374?dchild=1&keywords=orange+filament&qid=1593651252&s=industrial&sr=1-374
WFLNHB, [     ], PLA, 2.20 pounds, 3.00 millimeters, https://www.amazon.com/3D-Printer-Filament-Diameter-Dimensional/dp/B07XCJFP9S/ref=sr_1_377?dchild=1&keywords=orange+filament&qid=1593651252&s=industrial&sr=1-377
ERYONE, L-LAGOONBOW, PLA, 2.20 pounds, 1.75 millimeters, https://www.amazon.com/Filament-Lagoonbow-Rainbow-Multicolor-Printer/dp/B07PJ2HVW2/ref=sr_1_378?dchild=1&keywords=orange+filament&qid=1593651252&s=industrial&sr=1-378
Shengtian, SILK COPPER, PLA, 2.20 pounds, 1.75 millimeters, https://www.amazon.com/Printer-Filament-Printing-Metallic-Materials/dp/B07PTZBVDV/ref=sr_1_379?dchild=1&keywords=orange+filament&qid=1593651252&s=industrial&sr=1-379
JAMIEWIN, 3D PEN REFILLS, ABSYLUX, [     ], 1.75 millimeters, https://www.amazon.com/JAMIEWIN-Filament-1-75mm-Printer-Refills/dp/B07XQ8WT4Q/ref=sr_1_380?dchild=1&keywords=orange+filament&qid=1593651252&s=industrial&sr=1-380
3D Solutech, WHITE, [     ], 2.20 pounds , 2.20 pounds, 1.75 millimeters, https://www.amazon.com/3D-Solutech-Flexible-Printer-Filament/dp/B00VKSSA4E/ref=sr_1_382?dchild=1&keywords=orange+filament&qid=1593651252&s=industrial&sr=1-382
nologo, [     ], [     ], 3.09 pounds, [     ], https://www.amazon.com/Filament-PLA1-75mm-Dimensional-Accuracy-Precision/dp/B08BHH993Z/ref=sr_1_383?dchild=1&keywords=orange+filament&qid=1593651252&s=industrial&sr=1-383
TRONXY, [     ], TPU, 2.20 pounds, 1.75 millimeters, https://www.amazon.com/Flexible-Printers-Filament-1-75mm-Accuracy/dp/B07P53J9WZ/ref=sr_1_384?dchild=1&keywords=orange+filament&qid=1593651252&s=industrial&sr=1-384
Dry & Dry, [     ], [     ], 5.50 pounds, [     ], https://www.amazon.com/Dry-Premium-Indicating-Industry-Standard/dp/B071S914ZP/ref=sr_1_386?dchild=1&keywords=orange+filament&qid=1593651252&s=industrial&sr=1-386
love lamp, [     ], [     ], 0.035 ounces, [     ], https://www.amazon.com/Printer-Filament-Packaging-Variety-Refills/dp/B089GTYJ8C/ref=sr_1_387?dchild=1&keywords=orange+filament&qid=1593651252&s=industrial&sr=1-387
Geeetech, RED, PLA, 2.20 pounds, 1.75 millimeters, https://www.amazon.com/Filament-1-75mm-Geeetech-Printer-Spool/dp/B01MT7O22L/ref=sr_1_388?dchild=1&keywords=orange+filament&qid=1593651252&s=industrial&sr=1-388
Anycubic, WHITE, PETG, 1.10 pounds, 1.75 millimeters, https://www.amazon.com/Anycubic-Filament-Dimensional-Accuracy-Trans-Orange/dp/B07QKS61JH/ref=sr_1_387?dchild=1&keywords=orange+filament&qid=1593651254&s=industrial&sr=1-387
WFLNHB, [     ], PLA, 2.20 pounds, 1.75 millimeters, https://www.amazon.com/3D-Printer-Filament-Dimensional-Fluorescent/dp/B07X45QKYV/ref=sr_1_389?dchild=1&keywords=orange+filament&qid=1593651254&s=industrial&sr=1-389
Jectse, [     ], [     ], 3.00 pounds, [     ], https://www.amazon.com/Printer-Filament-Printing-Consumables-Tolerance/dp/B08BP721MS/ref=sr_1_390?dchild=1&keywords=orange+filament&qid=1593651254&s=industrial&sr=1-390
INTERTECK PACKAGING, INDICATING, [     ], [     ], [     ], https://www.amazon.com/Orange-Indicating-Packets-Desiccants-Chloride/dp/B01MAZG2O2/ref=sr_1_392?dchild=1&keywords=orange+filament&qid=1593651254&s=industrial&sr=1-392
HATCHBOX, BLACK, PETG (POLYETHYLENE TEREPHTALATE GLYCOL-MODIFIED), 2.20 pounds, 1.75 millimeters, https://www.amazon.com/HATCHBOX-3D-Filament-Dimensional-Accuracy/dp/B014VM95IK/ref=sr_1_394?dchild=1&keywords=orange+filament&qid=1593651254&s=industrial&sr=1-394
Zyltech Engineering LLC, RED, [     ], 2.2 pounds, [     ], https://www.amazon.com/ZYLtech-Printer-Filament-1-75-Orange/dp/B073W5Q9XD/ref=sr_1_395?dchild=1&keywords=orange+filament&qid=1593651254&s=industrial&sr=1-395
CC3D, SILK SILVER, PLA, 2.20 pounds, 2.85 millimeters, https://www.amazon.com/Filament-Printer-Printing-Material-CC3D/dp/B07T47BH73/ref=sr_1_396?dchild=1&keywords=orange+filament&qid=1593651254&s=industrial&sr=1-396
CC3D, BROWN TO GREEN, PLA, 2.20 pounds, 1.75 millimeters, https://www.amazon.com/Filament-Dimensional-Accuracy-Printing-Temperature/dp/B071ZC3LMG/ref=sr_1_397?dchild=1&keywords=orange+filament&qid=1593651254&s=industrial&sr=1-397
ERYONE, BLUE, PLA, 2.20 pounds, 1.75 millimeters, https://www.amazon.com/Filament-1-75mm-ERYONE-Printing-Printer/dp/B07GNKRJPZ/ref=sr_1_398?dchild=1&keywords=orange+filament&qid=1593651254&s=industrial&sr=1-398
IC3D Printers, [     ], [     ], 2.2 pounds, [     ], https://www.amazon.com/IC3D-Red-1-75mm-Printer-Filament/dp/B014641FI6/ref=sr_1_401?dchild=1&keywords=orange+filament&qid=1593651254&s=industrial&sr=1-401
Gizmo Dorks, [     ], ABS (ACRYLONITRILE BUTADIENE STYRENE), 9.6 ounces, 1.75 millimeters, https://www.amazon.com/Gizmo-Dorks-Filament-Printing-Fluorescent/dp/B07CZ5MMGB/ref=sr_1_402?dchild=1&keywords=orange+filament&qid=1593651254&s=industrial&sr=1-402
HATCHBOX, BLUE, PETG (POLYETHYLENE TEREPHTALATE GLYCOL-MODIFIED), 2.20 pounds, 1.75 millimeters, https://www.amazon.com/HATCHBOX-3D-Filament-Dimensional-Accuracy/dp/B014VM96UM/ref=sr_1_403?dchild=1&keywords=orange+filament&qid=1593651254&s=industrial&sr=1-403
Gizmo Dorks, [     ], PLA, [     ], 2.85 millimeters, https://www.amazon.com/Gizmo-Dorks-Filament-2-85mm-Printers/dp/B07CYLGDW2/ref=sr_1_404?dchild=1&keywords=orange+filament&qid=1593651254&s=industrial&sr=1-404
Gudteks, [     ], PLA, 0.00000000000 pounds, 3 millimeters, https://www.amazon.com/Filament-Luminous-Color-changing-Filament-Cleaning/dp/B015PJBKGS/ref=sr_1_406?dchild=1&keywords=orange+filament&qid=1593651254&s=industrial&sr=1-406
Hitommy, [     ], [     ], [     ], [     ], https://www.amazon.com/Hitommy-Effetool-Filament-Printing-Printer/dp/B07CNKLPMT/ref=sr_1_407?dchild=1&keywords=orange+filament&qid=1593651254&s=industrial&sr=1-407
CC3D, PURPLE BLUE TO PINK, PLA, 2.20 pounds, 1.75 millimeters, https://www.amazon.com/Changing-Temperature-Filament-Dimensional-CC3D/dp/B074T8TGL5/ref=sr_1_408?dchild=1&keywords=orange+filament&qid=1593651254&s=industrial&sr=1-408
LotFancy, [     ], GEL, 3.50 ounces, [     ], https://www.amazon.com/Desiccant-Canister-Dehumidifier-Reusable-Chloride/dp/B07CZ856NV/ref=sr_1_411?dchild=1&keywords=orange+filament&qid=1593651254&s=industrial&sr=1-411
Brightown, WARM WHITE (AMBER BULBS), [     ], 1.01 pounds, [     ], https://www.amazon.com/Bulbs-60W-Dimmable-Replacement-Squirrel-Chandelier/dp/B07BSCB9KN/ref=sr_1_412?dchild=1&keywords=orange+filament&qid=1593651254&s=industrial&sr=1-412
CC3D, TRANSPARENT, PETG, 2.20 pounds, 1.75 millimeters, https://www.amazon.com/Transparent-Filament-Printer-Printing-Materials/dp/B082WR3G2L/ref=sr_1_411?dchild=1&keywords=orange+filament&qid=1593651255&s=industrial&sr=1-411
3D Solutech, CLEAR, PETG (POLYETHYLENE TEREPHTALATE GLYCOL-MODIFIED), 2.20 pounds, 1.75 millimeters, https://www.amazon.com/3D-Solutech-Natural-Printer-Filament/dp/B00VKSVMOY/ref=sr_1_413?dchild=1&keywords=orange+filament&qid=1593651255&s=industrial&sr=1-413
CC3D, BLACK, PETG, 2.20 pounds, 1.75 millimeters, https://www.amazon.com/Filament-1-75mm-Printer-Printing-Materials/dp/B082WV99YH/ref=sr_1_414?dchild=1&keywords=orange+filament&qid=1593651255&s=industrial&sr=1-414
GO-3D PRINT, [     ], [     ], 13 ounces, [     ], https://www.amazon.com/GO-3D-Temperature-Changing-Printing-Filament/dp/B01E9G5VAO/ref=sr_1_415?dchild=1&keywords=orange+filament&qid=1593651255&s=industrial&sr=1-415
New orange heart, AMBER WARM, GLASS + ANTI-RUST BRASS BASE, 6.4 ounces, [     ], https://www.amazon.com/Candelabra-Dimmable-Incandescent-110-130v-Decorative/dp/B085HNX7MD/ref=sr_1_417?dchild=1&keywords=orange+filament&qid=1593651255&s=industrial&sr=1-417
SooFoo, [     ], CLEAR GLASS + STURDY FILAMENT + PREMIUM BRASS BASE, 7.2 ounces, [     ], https://www.amazon.com/Edison-Light-Vintage-Antique-Incandescent/dp/B01I3XGIFQ/ref=sr_1_418?dchild=1&keywords=orange+filament&qid=1593651255&s=industrial&sr=1-418
AmazonBasics, WHITE, PETG (POLYETHYLENE TEREPHTALATE GLYCOL-MODIFIED), 3.06 pounds, 2.85 millimeters, https://www.amazon.com/AmazonBasics-Printer-Filament-2-85mm-White/dp/B07SZLZG5G/ref=sr_1_419?dchild=1&keywords=orange+filament&qid=1593651255&s=industrial&sr=1-419
MakersPick, [     ], ABS, 1.65 pounds, 1.75 millimeters, https://www.amazon.com/FormFutura-TitanX-ABS-Filament-Orange/dp/B073YJVK5T/ref=sr_1_420?dchild=1&keywords=orange+filament&qid=1593651255&s=industrial&sr=1-420
Areyourshop, [     ], [     ], 2.87 pounds, [     ], https://www.amazon.com/Areyourshop-Filament-Dimensional-Accuracy-Printers/dp/B07546V16T/ref=sr_1_425?dchild=1&keywords=orange+filament&qid=1593651255&s=industrial&sr=1-425
ANYCUBIC, 500ML GREY, [     ], 1.10 pounds, [     ], https://www.amazon.com/Anycubic-POT016-PRINTER-500Mll-500G-Grey-Bottle/dp/B079GR1L19/ref=sr_1_426?dchild=1&keywords=orange+filament&qid=1593651255&s=industrial&sr=1-426
eSUN, SOLID WHITE, PETG (POLYETHYLENE TEREPHTALATE GLYCOL-MODIFIED), 2.20 pounds, 1.75 millimeters, https://www.amazon.com/eSUN-1-75mm-Filament-Printer-Opaque/dp/B00ZAUR6M0/ref=sr_1_427?dchild=1&keywords=orange+filament&qid=1593651255&s=industrial&sr=1-427
ELEGOO, GREY 500G, RESIN, [     ], [     ], https://www.amazon.com/ELEGOO-UV-Curing-Standard-Photopolymer-Printing/dp/B07Z945PZM/ref=sr_1_428?dchild=1&keywords=orange+filament&qid=1593651255&s=industrial&sr=1-428
CC3D, BLUE, PETG, 2.20 pounds, 1.75 millimeters, https://www.amazon.com/Filament-1-75mm-Printer-Printing-Materials/dp/B082WVJ5W4/ref=sr_1_429?dchild=1&keywords=orange+filament&qid=1593651255&s=industrial&sr=1-429
3Doodler, MULTICOLORED, ABS (ACRYLONITRILE BUTADIENE STYRENE), 7.1 ounces, [     ], https://www.amazon.com/3Doodler-Create-Printing-Filament-Plastic/dp/B01N57GPU5/ref=sr_1_430?dchild=1&keywords=orange+filament&qid=1593651255&s=industrial&sr=1-430
HATCHBOX, COOL GRAY, PLA, 2.20 pounds, 1.75 millimeters, https://www.amazon.com/HATCHBOX-3D-Filament-Dimensional-Accuracy/dp/B015I1CYFE/ref=sr_1_431?dchild=1&keywords=orange+filament&qid=1593651255&s=industrial&sr=1-431
stronghero3d, RAINBOW, PLA, 2.20 pounds, 1.75 millimeters, https://www.amazon.com/Stronghero3D-Printing-Filament-Multicolor-Accuracy/dp/B07FCQ9WDJ/ref=sr_1_433?dchild=1&keywords=orange+filament&qid=1593651255&s=industrial&sr=1-433
HATCHBOX, WHITE, PLA, 2.20 pounds, 1.75 millimeters, https://www.amazon.com/HATCHBOX-3D-Filament-Dimensional-Accuracy/dp/B00J0GMMP6/ref=sr_1_434?dchild=1&keywords=orange+filament&qid=1593651255&s=industrial&sr=1-434
nologo, [     ], [     ], 2.87 pounds, [     ], https://www.amazon.com/Printer-Filament-Consumables-Material-Printers/dp/B08B61K81D/ref=sr_1_435?dchild=1&keywords=orange+filament&qid=1593651256&s=industrial&sr=1-435
nologo, [     ], [     ], 2.87 pounds, [     ], https://www.amazon.com/Filament-3D-Printer-Dimensional-Accuracy-Printers/dp/B08B5ZFFCW/ref=sr_1_436?dchild=1&keywords=orange+filament&qid=1593651256&s=industrial&sr=1-436
ERYONE, BLACK, PLA, 1.10 pounds, 1.75 millimeters, https://www.amazon.com/Eryone-Printer-Filament-Dimensional-Accuracy/dp/B07WFY1R9B/ref=sr_1_437?dchild=1&keywords=orange+filament&qid=1593651256&s=industrial&sr=1-437
nologo, [     ], [     ], 3.09 pounds, [     ], https://www.amazon.com/Filament-Printer-Dimensional-Accuracy-Selected/dp/B08BR2SZM8/ref=sr_1_438?dchild=1&keywords=orange+filament&qid=1593651256&s=industrial&sr=1-438
nologo, [     ], [     ], 3.09 pounds, [     ], https://www.amazon.com/Filament-Printing-Dimensional-Accuracy-Suitable/dp/B08BQZZ75J/ref=sr_1_439?dchild=1&keywords=orange+filament&qid=1593651256&s=industrial&sr=1-439
3D-FUEL FUELING YOUR CREATIVITY, [     ], PLA, 2.20 pounds, 1.75 millimeters, https://www.amazon.com/Printer-Filament-Tangerine-Dimensional-Accuracy/dp/B01DXWW5UE/ref=sr_1_441?dchild=1&keywords=orange+filament&qid=1593651256&s=industrial&sr=1-441
CC3D, GRASS GREEN, PLA, 2.20 pounds, 1.75 millimeters, https://www.amazon.com/CC3D-Filament-Printing-Material-Strength/dp/B07R1R7VKZ/ref=sr_1_442?dchild=1&keywords=orange+filament&qid=1593651256&s=industrial&sr=1-442
TRONXY, [     ], TPU, 2.20 pounds , 2.20 pounds, 1.75 millimeters, https://www.amazon.com/Flexible-Black-Filament-1-75-Material/dp/B07RXQ6T4Y/ref=sr_1_443?dchild=1&keywords=orange+filament&qid=1593651256&s=industrial&sr=1-443
ZORTRAX, [     ], [     ], 5.00 pounds, 1.75 millimeters, https://www.amazon.com/Filament-ZORTRAX-Z-Glass-Orange-M200/dp/B0767PNN3K/ref=sr_1_445?dchild=1&keywords=orange+filament&qid=1593651256&s=industrial&sr=1-445
Gizmo Dorks, [     ], PETG (POLYETHYLENE TEREPHTALATE GLYCOL-MODIFIED), [     ], 1.75 millimeters, https://www.amazon.com/Gizmo-Dorks-Filament-Printers-1-75mm/dp/B074W4RVVH/ref=sr_1_446?dchild=1&keywords=orange+filament&qid=1593651256&s=industrial&sr=1-446
[     ], [     ], PLA, 2.20 pounds, 1.75 millimeters, https://www.amazon.com/Fillamentum-Extrafill-Filament-Diameter-tolerance/dp/B07BRJYLLC/ref=sr_1_449?dchild=1&keywords=orange+filament&qid=1593651256&s=industrial&sr=1-449
Filatech, NATURAL-WOOD, PLA, 2.20 pounds, 1.75 millimeters, https://www.amazon.com/Filatech-Printing-Filament-Virgin-Material/dp/B07913J7Z1/ref=sr_1_450?dchild=1&keywords=orange+filament&qid=1593651256&s=industrial&sr=1-450
nologo, [     ], [     ], 2.87 pounds, [     ], https://www.amazon.com/Filament-Plastics-Printing-Material-Printers/dp/B08B3GK6TH/ref=sr_1_451?dchild=1&keywords=orange+filament&qid=1593651256&s=industrial&sr=1-451
nologo, [     ], [     ], 2.87 pounds, [     ], https://www.amazon.com/Printing-Filament-Flexible-Materials-Printers/dp/B08B3FYBLB/ref=sr_1_452?dchild=1&keywords=orange+filament&qid=1593651256&s=industrial&sr=1-452
3Doodler, [     ], [     ], 0.352 ounces, [     ], https://www.amazon.com/3Doodler-AB13-ORNG-100-Printing-Filament-Strands/dp/B010MOTM1Q/ref=sr_1_453?dchild=1&keywords=orange+filament&qid=1593651256&s=industrial&sr=1-453
IC3D Printers, [     ], [     ], 5 pounds, [     ], https://www.amazon.com/IC3D-Orange-1-75mm-Printer-Filament/dp/B01LYBX3CT/ref=sr_1_455?dchild=1&keywords=orange+filament&qid=1593651256&s=industrial&sr=1-455
CC3D, SILK RED, PLA, 2.20 pounds, 1.75 millimeters, https://www.amazon.com/Printer-Filament-Printing-Materials-CC3D/dp/B07MDBZT5H/ref=sr_1_458?dchild=1&keywords=orange+filament&qid=1593651256&s=industrial&sr=1-458
love lamp, [     ], [     ], 0.035 ounces, [     ], https://www.amazon.com/Filament-Dimensional-Accuracy-Printing-Material/dp/B089QFFTGL/ref=sr_1_459?dchild=1&keywords=orange+filament&qid=1593651256&s=industrial&sr=1-459
nologo, [     ], [     ], 2.87 pounds, [     ], https://www.amazon.com/dp/B08C4PDLBP/ref=sr_1_460?dchild=1&keywords=orange+filament&qid=1593651256&s=industrial&sr=1-460
nologo, [     ], [     ], 2.87 pounds, [     ], https://www.amazon.com/Filament-Strength-Supplies-Printing-Material/dp/B08C27FCX2/ref=sr_1_459?dchild=1&keywords=orange+filament&qid=1593651257&s=industrial&sr=1-459
3D Hero, MULTICOLORED+BK, PLA, 4.41 pounds, 1.75 millimeters, https://www.amazon.com/3D-Filament-Multicolor-Warhorse-Dimensional/dp/B07V22STSZ/ref=sr_1_460?dchild=1&keywords=orange+filament&qid=1593651257&s=industrial&sr=1-460
nologo, [     ], [     ], 3.09 pounds, [     ], https://www.amazon.com/dp/B08C4Y19YK/ref=sr_1_462?dchild=1&keywords=orange+filament&qid=1593651257&s=industrial&sr=1-462
SBKDPT, [     ], [     ], 2.2 pounds, [     ], https://www.amazon.com/SBKDPT-Filament-Printing-Dimensional-Accuracy/dp/B08BZJ3SL6/ref=sr_1_463?dchild=1&keywords=orange+filament&qid=1593651257&s=industrial&sr=1-463
PXTTLKJ, [     ], [     ], 3.31 pounds, [     ], https://www.amazon.com/No-branded-Accessory-Filament-Printing-Materials/dp/B08BZ4C323/ref=sr_1_464?dchild=1&keywords=orange+filament&qid=1593651257&s=industrial&sr=1-464
PXTTLKJ, [     ], [     ], 3.31 pounds, [     ], https://www.amazon.com/No-branded-Accessory-Filament-Flexible-Printing/dp/B08BRTN11L/ref=sr_1_465?dchild=1&keywords=orange+filament&qid=1593651257&s=industrial&sr=1-465
Gizmo Dorks, [     ], ABS (ACRYLONITRILE BUTADIENE STYRENE), 9.6 ounces, 1.75 millimeters, https://www.amazon.com/Gizmo-Dorks-Filament-1-75mm-Printers/dp/B07CZ4XJK3/ref=sr_1_466?dchild=1&keywords=orange+filament&qid=1593651257&s=industrial&sr=1-466
love lamp, [     ], [     ], 0.035 ounces, [     ], https://www.amazon.com/Love-lamp-Printing-Filament-Materials/dp/B089K5Y5VN/ref=sr_1_467?dchild=1&keywords=orange+filament&qid=1593651257&s=industrial&sr=1-467
love lamp, [     ], [     ], 0.035 ounces, [     ], https://www.amazon.com/Filament-Printing-Materials-Extruder-Accessories/dp/B089GT39WJ/ref=sr_1_468?dchild=1&keywords=orange+filament&qid=1593651257&s=industrial&sr=1-468
CC3D, SILK RAINBOW, PLA, 2.20 pounds , 2.20 pounds, 1.75 millimeters, https://www.amazon.com/Multicolor-Filamentt-Mulitcolor-Multicolored-CC3D/dp/B07PYDNQXS/ref=sxin_7_ac_d_rm?ac_md=2-2-bWF0dGVyaGFja2VycyBwbGEgMS43NQ%3D%3D-ac_d_rm&cv_ct_cx=Black+filament&dchild=1&keywords=Black+filament&pd_rd_i=B07PYDNQXS&pd_rd_r=c02bd07d-5f1d-4a75-9431-0ff3969cc50d&pd_rd_w=zrYhU&pd_rd_wg=HDJIi&pf_rd_p=54ae11ea-870e-480b-a70f-1f4a57c2e311&pf_rd_r=KPRBSZ6AVZEPWCNQ9BGY&psc=1&qid=1593652902&sr=1-3-12d4272d-8adb-4121-8624-135149aa9081
MIKA3D, SILK SILVER/COPPER/GOLD, SILK PLA FILAMENT, 4.41 pounds, 1.75 millimeters, https://www.amazon.com/Silver-Copper-Filament-Printer-MIKA3D/dp/B07JMRNHVS/ref=sr_1_13?dchild=1&keywords=Black+filament&qid=1593652902&sr=8-13
Enotepad, 1.75MM PLA CARBON FIBER FILAMENT, PLA, 2.20 pounds, 1.75 millimeters, https://www.amazon.com/Carbon-Fiber-PLA-Filament-1-75mm/dp/B0837QMVWR/ref=sr_1_19?dchild=1&keywords=Black+filament&qid=1593652902&sr=8-19
SUNLU, MARBLE, PLA, 2.20 pounds, 1.75 millimeters, https://www.amazon.com/SUNLU-Marble-Printer-Filament-Printing/dp/B0861BMYW5/ref=sr_1_24?dchild=1&keywords=Black+filament&qid=1593652881&sr=8-24
[     ], [     ], [     ], [     ], [     ], https://www.amazon.com/Bendy-Race-Chapter-Real-Gaming/dp/B0815X1C6B/ref=sr_1_25?dchild=1&keywords=Black+filament&qid=1593652881&sr=8-25
ERYONE, MARBLE PLA, PLA, 2.20 pounds, 1.75 millimeters, https://www.amazon.com/Eryone-Marble-Filament-Printing-Printer/dp/B07PVXHXY9/ref=sr_1_32?dchild=1&keywords=Black+filament&qid=1593652881&sr=8-32
Prusament, [     ], PLA, 2.20 pounds, 1.75 millimeters, https://www.amazon.com/Prusament-Galaxy-Filament-Diameter-Tolerance/dp/B07M8GWZBS/ref=sr_1_40?dchild=1&keywords=Black+filament&qid=1593652882&sr=8-40
[     ], [     ], [     ], [     ], [     ], https://www.amazon.com/Gospel-Sheba-Bibliomysteries-Book-18-ebook/dp/B00NTI240O/ref=sr_1_45?dchild=1&keywords=Black+filament&qid=1593652882&sr=8-45
[     ], [     ], [     ], [     ], [     ], https://www.amazon.com/dp/B07G8RVQCQ?searchxofy=true&ref_=dbs_s_aps_series_rwt
CANARM LTD., OIL-RUBBED BRONZE, STEEL/COPPER WIRE, 5 pounds, [     ], https://www.amazon.com/Canarm-ICH282B05ORB25-Sumerside-Chandelier-Rubbed/dp/B00LB0ALN4/ref=sr_1_47?dchild=1&keywords=Black+filament&qid=1593652882&sr=8-47
ERYONE, A- GALAXY RED PLA, PLA, 2.20 pounds, 1.75 millimeters, https://www.amazon.com/ERYONE-Sparkly-Glitter-Printer-Filament/dp/B07YZ14DDV/ref=sr_1_51?dchild=1&keywords=Black+filament&qid=1593652883&sr=8-51
Yousu, GOLD, PLA, 2.20 pounds, 1.75 millimeters, https://www.amazon.com/Tangle-Free-Pearlescent-Yousu-Performance-Compatible/dp/B07VDBXDPP/ref=sr_1_53?dchild=1&keywords=Black+filament&qid=1593652883&sr=8-53
YOYI, GREY, TPU, 1.76 pounds, 1.75 millimeters, https://www.amazon.com/YOYI-Filament-Flexible-Dimensional-Accuracy/dp/B07TLBJVBZ/ref=sr_1_56?dchild=1&keywords=Black+filament&qid=1593652883&sr=8-56
Monoprice, [     ], [     ], 2.2 pounds, [     ], https://www.amazon.com/Monoprice-Plus-Premium-Filament-Biodegradable/dp/B01MCV2P1N/ref=sr_1_62?dchild=1&keywords=Black+filament&qid=1593652883&sr=8-62
SainSmart, [     ], [     ], 2.42 pounds, [     ], https://www.amazon.com/SainSmart-Flexible-Printing-Filament-Dimensional/dp/B00TI3JUTM/ref=sr_1_66?dchild=1&keywords=Black+filament&qid=1593652883&sr=8-66
ERYONE, C-SILK COPPER, PLA, 2.20 pounds, 1.75 millimeters, https://www.amazon.com/Filament-1-75mm-ERYONE-Printing-Printer/dp/B07KFX9STF/ref=sr_1_67?dchild=1&keywords=Black+filament&qid=1593652883&sr=8-67
Dremel, [     ], PLA, 1.65 pounds, [     ], https://www.amazon.com/Dremel-DigiLab-PLA-BLA-01-Filament-Diameter/dp/B084XSMY52/ref=sr_1_68?dchild=1&keywords=Black+filament&qid=1593652883&sr=8-68
Gizmo Dorks, [     ], PLA, 2.70 pounds, 1.75 millimeters, https://www.amazon.com/Gizmo-Dorks-Filament-Printers-1-75mm/dp/B074W1XFRX/ref=sr_1_71?dchild=1&keywords=Black+filament&qid=1593652884&sr=8-71
Gizmo Dorks, [     ], ABS (ACRYLONITRILE BUTADIENE STYRENE), 9.6 ounces, 1.75 millimeters, https://www.amazon.com/Gizmo-Dorks-Filament-Printers-1-75mm/dp/B074W46J4B/ref=sr_1_72?dchild=1&keywords=Black+filament&qid=1593652884&sr=8-72
ERYONE, GLOW GREEN IN THE DARK, PLA, 2.20 pounds, 1.75 millimeters, https://www.amazon.com/Eryone-Printer-Filament-Dimensional-Accuracy/dp/B082X2P75X/ref=sr_1_73?dchild=1&keywords=Black+filament&qid=1593652884&sr=8-73
LABISTS, 3D PRINTER PLA FILAMENT 1.75MM, PLA, 2.20 pounds, 1.75 millimeters, https://www.amazon.com/Filament-LABISTS-Printing-Flexible-Materials/dp/B085HCFM6P/ref=sr_1_74?dchild=1&keywords=Black+filament&qid=1593652884&sr=8-74
ThreeD Materials, [     ], PLA, [     ], 1.75 millimeters, https://www.amazon.com/ThreeD-Printer-Filament-Dimensional-Accuracy/dp/B01MRGYCXS/ref=sr_1_77?dchild=1&keywords=Black+filament&qid=1593652884&sr=8-77
AMOLEN, SHINY GREEN, PLA, 7.1 ounces, 1.75 millimeters, https://www.amazon.com/AMOLEN-Printer-Filament-1-75mm-Shining/dp/B07ZNYCT7K/ref=sr_1_78?dchild=1&keywords=Black+filament&qid=1593652884&sr=8-78
3DX, FLAT DARK EARTH, ASA, 2.20 pounds, 1.75 millimeters, https://www.amazon.com/3DXMAX-Flat-Dark-Earth-1-75mm/dp/B0844V5GY6/ref=sr_1_83?dchild=1&keywords=Black+filament&qid=1593652884&sr=8-83
CC3D, SILK SILVER OR SILVER GOLD OR SILK COPPER, PLA, 1.10 pounds, 1.75 millimeters, https://www.amazon.com/SILVER-PLA1-75-printer-filament-feeling/dp/B072KZXL7J/ref=sr_1_86?dchild=1&keywords=Black+filament&qid=1593652885&sr=8-86
SUNLU, CARBON FIBER, CARBON FIBER PLA, 2.20 pounds, 1.75 millimeters, https://www.amazon.com/SUNLU-Filament-Printer-Dimensional-Accuracy/dp/B07X6TXJTH/ref=sr_1_88?dchild=1&keywords=Black+filament&qid=1593652885&sr=8-88
XVICO, MULTICOLORED, PLA, 2.20 pounds, 1.75 millimeters, https://www.amazon.com/XVICO-Filaments-Rainbow-Printer-Filament/dp/B07YCS2MK3/ref=sr_1_89?dchild=1&keywords=Black+filament&qid=1593652885&sr=8-89
eSUN, [     ], PETG (POLYETHYLENE TEREPHTALATE GLYCOL-MODIFIED), 2.20 pounds, 1.75 millimeters, https://www.amazon.com/eSUN-1-75mm-Semi-Transparent-Filament-Printer/dp/B07NS434JM/ref=sr_1_95?dchild=1&keywords=Black+filament&qid=1593652885&sr=8-95
CC3D, SILK BRONZE, POLYLACTIC ACID (PLA), 2.20 pounds, 1.75 millimeters, https://www.amazon.com/Bronze-Filament-Printer-Printing-Material/dp/B07FCC3TJG/ref=sr_1_97?dchild=1&keywords=Black+filament&qid=1593652885&sr=8-97
Prusament, [     ], PLA, 2.20 pounds, 1.75 millimeters, https://www.amazon.com/Prusament-Galaxy-Filament-Diameter-Tolerance/dp/B07M8GWZBS/ref=sr_1_99?dchild=1&keywords=Black+filament&qid=1593652885&sr=8-99
HATCHBOX, [     ], WOOD, 2.20 pounds, 1.75 millimeters, https://www.amazon.com/HATCHBOX-3D-Filament-Dimensional-Accuracy/dp/B01092XXD4/ref=sr_1_100?dchild=1&keywords=Black+filament&qid=1593652886&sr=8-100
SUNLU, MARBLE, MARBLE PLA, 2.20 pounds, 1.75 millimeters, https://www.amazon.com/SUNLU-Marble-Printer-Filament-Printers/dp/B083LG77LK/ref=sr_1_102?dchild=1&keywords=Black+filament&qid=1593652886&sr=8-102
3D Hero, 2R-BK, PLA, 1.10 pounds, 1.75 millimeters, https://www.amazon.com/Filament-3D-Printer-Dimensional-Accuracy/dp/B07XT7B1XQ/ref=sr_1_105?dchild=1&keywords=Black+filament&qid=1593652886&sr=8-105
OVERTURE, TRANSPARENT 1-PACK, PETG, 2.20 pounds, 1.75 millimeters, https://www.amazon.com/Filament-Transparent-Consumables-Dimensional-Accuracy/dp/B07SB761QR/ref=sr_1_106?dchild=1&keywords=Black+filament&qid=1593652886&sr=8-106
[     ], [     ], [     ], [     ], [     ], https://www.amazon.com/MakerBot-Filament-Diameter-Small-Spool/dp/B00K95TW2S/ref=sr_1_109?dchild=1&keywords=Black+filament&qid=1593652886&sr=8-109
Taulman, [     ], [     ], 15.9 ounces, [     ], https://www.amazon.com/Taulman-Black-645-Nylon-1-75mm/dp/B01F5Z2M5A/ref=sr_1_110?dchild=1&keywords=Black+filament&qid=1593652886&sr=8-110
AMOLEN, SILK SILVER+MARBLE, PLA, 4.41 pounds, 1.75 millimeters, https://www.amazon.com/AMOLEN-Printer-Filament-1-75mm-Silver/dp/B083941CDZ/ref=sr_1_112?dchild=1&keywords=Black+filament&qid=1593652886&sr=8-112
CC3D, SILK ROSE GOLD(DARK), PLA, 2.20 pounds, 1.75 millimeters, https://www.amazon.com/Filament-Printing-Materials-CC3D-Chocolate/dp/B07QN2K5Q9/ref=sr_1_113?dchild=1&keywords=Black+filament&qid=1593652886&sr=8-113
AMOLEN, BRONZE/MARBLE/WOOD/SHINING GOLD, PLA, 2.20 pounds, 1.75 millimeters, https://www.amazon.com/AMOLEN-Printer-Filament-Changing-Sunlight/dp/B07D7SYS7J/ref=sr_1_116?dchild=1&keywords=Black+filament&qid=1593652886&sr=8-116
Gizmo Dorks, [     ], PLA, 11.02 pounds, 2.85 millimeters, https://www.amazon.com/Gizmo-Dorks-Filament-Printers-2-85mm/dp/B074WLLCYZ/ref=sr_1_115?dchild=1&keywords=Black+filament&qid=1593652887&sr=8-115
CC3D, SILK ANTIQUE GOLD, PLA, 2.20 pounds, 1.75 millimeters, https://www.amazon.com/Antique-Filament-Printing-Material-metaiilic/dp/B07JYWXVFW/ref=sr_1_116?dchild=1&keywords=Black+filament&qid=1593652887&sr=8-116
AKOAK, MULTICOLORED, PCL, [     ], 1.75 millimeters, https://www.amazon.com/AKOAK-Environmental-Protection-Material-Temperature/dp/B07KPCQYRD/ref=sr_1_121?dchild=1&keywords=Black+filament&qid=1593652887&sr=8-121
FYSETC, [     ], FOAM, [     ], 1.75 millimeters, https://www.amazon.com/FYSETC-Filament-Resistant-Printing-Filaments/dp/B07M6MLP2J/ref=sr_1_127?dchild=1&keywords=Black+filament&qid=1593652887&sr=8-127
Fused3D 3D Printer Pen Supplies, [     ], [     ], 0.639 ounces, [     ], https://www.amazon.com/Printer-Filament-Strands-10inch-Plastic/dp/B00UVS3IHI/ref=sr_1_130?dchild=1&keywords=Black+filament&qid=1593652887&sr=8-130
3D Artist Supply, [     ], ABS (ACRYLONITRILE BUTADIENE STYRENE), 8.2 ounces, 1.75 millimeters, https://www.amazon.com/3D-Pen-Filament-Refills-BOOK/dp/B00S4H3I4Q/ref=sr_1_131?dchild=1&keywords=Black+filament&qid=1593652887&sr=8-131
Black Magic 3D, [     ], [     ], 1 pounds, [     ], https://www.amazon.com/Glow-Caribbean-Aquamarine-Light-Filament/dp/B01MTE909N/ref=sr_1_131?dchild=1&keywords=Black+filament&qid=1593652888&sr=8-131
OVERTURE, TRANSPARENT 1-PACK, PETG, 2.20 pounds, 1.75 millimeters, https://www.amazon.com/Filament-Transparent-Consumables-Dimensional-Accuracy/dp/B07SB761QR/ref=sr_1_132?dchild=1&keywords=Black+filament&qid=1593652888&sr=8-132
FYSETC, [     ], FOAM, [     ], 1.75 millimeters, https://www.amazon.com/FYSETC-Filament-Resistant-Printing-Filaments/dp/B07M6MLP2J/ref=sr_1_133?dchild=1&keywords=Black+filament&qid=1593652888&sr=8-133
Dremel, GREEN, PLA (POLYLACTIC ACID), 1.10 pounds, 1.75 millimeters, https://www.amazon.com/Dremel-Printer-Filament-Diameter-Weight/dp/B00NA00GNS/ref=sr_1_134?dchild=1&keywords=Black+filament&qid=1593652888&sr=8-134
[     ], [     ], [     ], [     ], [     ], https://www.amazon.com/MakerBot-Filament-Diameter-Small-Spool/dp/B00K95TW2S/ref=sr_1_135?dchild=1&keywords=Black+filament&qid=1593652888&sr=8-135
ThreeD Materials, [     ], ABS, [     ], 3.00 millimeters, https://www.amazon.com/Printer-Filament-Dimensional-Accuracy-Spool/dp/B01N0A8JM9/ref=sr_1_138?dchild=1&keywords=Black+filament&qid=1593652888&sr=8-138
eSUN, ORANGE, ABS (ACRYLONITRILE BUTADIENE STYRENE), 2.20 pounds, 1.75 millimeters, https://www.amazon.com/eSUN-1-75mm-Orange-Printer-filament/dp/B00MVIPAK4/ref=sr_1_144?dchild=1&keywords=Black+filament&qid=1593652888&sr=8-144
YKNB-US, [     ], [     ], 8.82 pounds, [     ], https://www.amazon.com/Magical-White-Printer-Filament-Materials/dp/B08BXVD3B4/ref=sr_1_146?dchild=1&keywords=Black+filament&qid=1593652888&sr=8-146
AmazonBasics, WHITE, PLA, 8.82 pounds, 1.75 millimeters, https://www.amazon.com/AmazonBasics-Printer-Filament-1-75mm-Spools/dp/B07S571G2L/ref=sr_1_147?dchild=1&keywords=Black+filament&qid=1593652888&sr=8-147
ERYONE, A- GALAXY RED PLA, PLA, 2.20 pounds, 1.75 millimeters, https://www.amazon.com/ERYONE-Sparkly-Glitter-Printer-Filament/dp/B07YZ14DDV/ref=sr_1_148?dchild=1&keywords=Black+filament&qid=1593652888&sr=8-148
CC3D, PURPLE BLUE TO PINK, PLA, 2.20 pounds, 1.75 millimeters, https://www.amazon.com/Changing-Temperature-Filament-Dimensional-CC3D/dp/B074T8TGL5/ref=sr_1_149?dchild=1&keywords=Black+filament&qid=1593652889&sr=8-149
CC3D, BLUE, PETG, 2.20 pounds, 1.75 millimeters, https://www.amazon.com/Filament-1-75mm-Printer-Printing-Materials/dp/B082WVJ5W4/ref=sr_1_151?dchild=1&keywords=Black+filament&qid=1593652889&sr=8-151
ERYONE, A-SILK GOLD, PLA, 2.20 pounds, 1.75 millimeters, https://www.amazon.com/Filament-1-75mm-ERYONE-Printing-Printer/dp/B07KFWDMXX/ref=sr_1_153?dchild=1&keywords=Black+filament&qid=1593652889&sr=8-153
3D Solutech, BLUE, PLA, 2.20 pounds, 1.75 millimeters, https://www.amazon.com/3D-Solutech-Through-Printer-Filament/dp/B00MB32T4O/ref=sr_1_154?dchild=1&keywords=Black+filament&qid=1593652889&sr=8-154
Gizmo Dorks, [     ], PLA, 12.75 pounds, 1.75 millimeters, https://www.amazon.com/Gizmo-Dorks-Filament-Printers-1-75mm/dp/B074WGMDGP/ref=sr_1_157?dchild=1&keywords=Black+filament&qid=1593652889&sr=8-157
eSUN, ORANGE, ABS (ACRYLONITRILE BUTADIENE STYRENE), 2.20 pounds, 1.75 millimeters, https://www.amazon.com/eSUN-1-75mm-Orange-Printer-filament/dp/B00MVIPAK4/ref=sr_1_158?dchild=1&keywords=Black+filament&qid=1593652889&sr=8-158
eSUN, WARM WHITE, PLA, 2.20 pounds, 1.75 millimeters, https://www.amazon.com/eSUN-1-75mm-Printer-Filament-2-2lbs/dp/B01EKEMIIS/ref=sr_1_162?dchild=1&keywords=Black+filament&qid=1593652889&sr=8-162
Black Magic 3D, [     ], [     ], 1 pounds, [     ], https://www.amazon.com/Glow-Cosmic-3D-Printing-Filament/dp/B01N7XEF1P/ref=sr_1_164?dchild=1&keywords=Black+filament&qid=1593652889&sr=8-164
eSUN, WARM WHITE, PLA, 2.20 pounds, 1.75 millimeters, https://www.amazon.com/eSUN-1-75mm-Printer-Filament-2-2lbs/dp/B01EKEMIIS/ref=sr_1_165?dchild=1&keywords=Black+filament&qid=1593652890&sr=8-165
Black Magic 3D, [     ], [     ], 1 pounds, [     ], https://www.amazon.com/Glow-Cosmic-3D-Printing-Filament/dp/B01N7XEF1P/ref=sr_1_167?dchild=1&keywords=Black+filament&qid=1593652890&sr=8-167
stronghero3d, RAINBOW, PLA, 2.20 pounds, 1.75 millimeters, https://www.amazon.com/Stronghero3D-Printing-Filament-Multicolor-Accuracy/dp/B07FCQ9WDJ/ref=sr_1_169?dchild=1&keywords=Black+filament&qid=1593652890&sr=8-169
eSUN, GRAY, PLA, 3.42 pounds, 1.75 millimeters, https://www.amazon.com/eSUN-1-75mm-Printer-Filament-2-2lbs/dp/B01EKEMUEK/ref=sr_1_170?dchild=1&keywords=Black+filament&qid=1593652890&sr=8-170
CC3D, SILK SAPPHIRE BLUE, PLA, 2.20 pounds, 1.75 millimeters, https://www.amazon.com/Sapphire-Printer-Filament-Feeling-Material/dp/B077VV7SMH/ref=sr_1_176?dchild=1&keywords=Black+filament&qid=1593652890&sr=8-176
Dremel, GREEN, PLA (POLYLACTIC ACID), 1.10 pounds, 1.75 millimeters, https://www.amazon.com/Dremel-Printer-Filament-Diameter-Weight/dp/B00NA00GNS/ref=sr_1_177?dchild=1&keywords=Black+filament&qid=1593652890&sr=8-177
Sindoh, WHITE, PLA, 1.54 pounds, [     ], https://www.amazon.com/Sindoh-Filament-Compatible-millimeters-Diameter/dp/B01HD9A8GG/ref=sr_1_179?dchild=1&keywords=Black+filament&qid=1593652891&sr=8-179
Gizmo Dorks, [     ], PLA, 9.6 ounces, 2.85 millimeters, https://www.amazon.com/Gizmo-Dorks-Filament-Printers-2-85mm/dp/B074VWK4RT/ref=sr_1_181?dchild=1&keywords=Black+filament&qid=1593652891&sr=8-181
ERYONE, B-SILK BRONZE, PLA, 2.20 pounds, 1.75 millimeters, https://www.amazon.com/Eryone-Printer-Filament-Dimensional-Accuracy/dp/B07RQTB3MW/ref=sr_1_182?dchild=1&keywords=Black+filament&qid=1593652891&sr=8-182
HATCHBOX, GREEN, PLA, 2.20 pounds, 1.75 millimeters, https://www.amazon.com/HATCHBOX-3D-Filament-Dimensional-Accuracy/dp/B00J0GQ2OS/ref=sr_1_184?dchild=1&keywords=Black+filament&qid=1593652891&sr=8-184
Pxmalion, [     ], PLA, 2.20 pounds, 1.75 millimeters, https://www.amazon.com/Pxmalion-Filament-Refills-Colors-Stencils/dp/B06ZZMH8MQ/ref=sr_1_191?dchild=1&keywords=Black+filament&qid=1593652891&sr=8-191
ThreeD Materials, [     ], ABS, 2.20 pounds, 3.00 millimeters, https://www.amazon.com/Filament-1-75mm-Dimensional-Accuracy-Spools/dp/B06WLQNJB8/ref=sr_1_193?dchild=1&keywords=Black+filament&qid=1593652891&sr=8-193
3D Solutech, WHITE, PETG (POLYETHYLENE TEREPHTALATE GLYCOL-MODIFIED), 2.20 pounds, 1.75 millimeters, https://www.amazon.com/3D-Solutech-1-75mm-Printer-Filament/dp/B079FPHY4J/ref=sr_1_194?dchild=1&keywords=Black+filament&qid=1593652891&sr=8-194
Gizmo Dorks, GREEN, PLA, 2.20 pounds, 3.00 millimeters, https://www.amazon.com/Gizmo-Dorks-2-85mm-Filament-Printers/dp/B00GU2GV1E/ref=sr_1_197?dchild=1&keywords=Black+filament&qid=1593652892&sr=8-197
Stronghero3D, [     ], PLA SILK, 2.20 pounds, 1.75 millimeters, https://www.amazon.com/Stronghero3D-Printer-Filament-Accuracy-0-05mm/dp/B083XG3TQH/ref=sr_1_199?dchild=1&keywords=Black+filament&qid=1593652892&sr=8-199
ZIRO, MARBLE, PLA, 2.20 pounds, 1.75 millimeters, https://www.amazon.com/ZIRO-Printer-Filament-1-75mm-Marble/dp/B01IIAC2MW/ref=sr_1_201?dchild=1&keywords=Black+filament&qid=1593652892&sr=8-201
ERYONE, L-LAGOONBOW, PLA, 2.20 pounds, 1.75 millimeters, https://www.amazon.com/Filament-Lagoonbow-Rainbow-Multicolor-Printer/dp/B07PJ2HVW2/ref=sr_1_205?dchild=1&keywords=Black+filament&qid=1593652892&sr=8-205
Handell 3d, [     ], PLA, [     ], 1.75 millimeters, https://www.amazon.com/Pen-Filament-Refills-Fluorescent-Transparent/dp/B07YFTLVP8/ref=sr_1_206?dchild=1&keywords=Black+filament&qid=1593652892&sr=8-206
3D Solutech, RED, PLA, 2.20 pounds, 1.75 millimeters, https://www.amazon.com/3D-Solutech-Filament-Dimensional-Accuracy/dp/B00ME7424W/ref=sr_1_209?dchild=1&keywords=Black+filament&qid=1593652892&sr=8-209
Gizmo Dorks, [     ], ABS (ACRYLONITRILE BUTADIENE STYRENE), 9.6 ounces, 1.75 millimeters, https://www.amazon.com/Gizmo-Dorks-Filament-Printers-1-75mm/dp/B074VP8ZF5/ref=sr_1_212?dchild=1&keywords=Black+filament&qid=1593652892&sr=8-212
ULTIMAKER, [     ], PLA, 0.010 ounces, 2.85 millimeters, https://www.amazon.com/Ultimaker-NFC-PLA-Filament-Black/dp/B06XC185FG/ref=sr_1_211?dchild=1&keywords=Black+filament&qid=1593652893&sr=8-211
Gizmo Dorks, CLEAR, ABS (ACRYLONITRILE BUTADIENE STYRENE), 2.20 pounds, 3.00 millimeters, https://www.amazon.com/Gizmo-Dorks-Filament-Printers-Transparent/dp/B00GU2FZQQ/ref=sr_1_213?dchild=1&keywords=Black+filament&qid=1593652893&sr=8-213
ERYONE, A- CLASSIC RAINBOW PLA 1KG, PLA, 2.20 pounds, 1.75 millimeters, https://www.amazon.com/ERYONE-Rainbow-Filament-1-75mm-Printer/dp/B081GQCRHB/ref=sr_1_215?dchild=1&keywords=Black+filament&qid=1593652893&sr=8-215
Polymaker, [     ], POLYCARBONATE, 2.20 pounds, 1.75 millimeters, https://www.amazon.com/Polymaker-Polylite-Formerly-Filament-Printing/dp/B07RN6DSJV/ref=sr_1_216?dchild=1&keywords=Black+filament&qid=1593652893&sr=8-216
Stronghero3D, [     ], PLA, 2.20 pounds, 1.75 millimeters, https://www.amazon.com/Stronghero3D-Printer-Filament-1-75mm-Galaxy/dp/B07XWZZ8Q6/ref=sr_1_217?dchild=1&keywords=Black+filament&qid=1593652893&sr=8-217
ENOMAKER, SILK BLUE, PLA, 2.20 pounds, 1.75 millimeters, https://www.amazon.com/ENOMAKER-Printer-1-75MM-Filament-Creality/dp/B07W7RXZS1/ref=sr_1_218?dchild=1&keywords=Black+filament&qid=1593652893&sr=8-218
Gizmo Dorks, [     ], ACETAL, [     ], 1.75 millimeters, https://www.amazon.com/Gizmo-Dorks-Acetal-Filament-Printers/dp/B074VPZPZ5/ref=sr_1_223?dchild=1&keywords=Black+filament&qid=1593652893&sr=8-223
eSUN, FIRE ENGINE RED (PANTONE 199C), PLA, 2.20 pounds, 1.75 millimeters, https://www.amazon.com/eSUN-1-75mm-Printer-Filament-Pantone/dp/B07846LFNB/ref=sr_1_226?dchild=1&keywords=Black+filament&qid=1593652893&sr=8-226
Dremel, [     ], PLA, 1.65 pounds, [     ], https://www.amazon.com/Dremel-DigiLab-Printer-Filament-Diameter/dp/B084XSNMLR/ref=sr_1_227?dchild=1&keywords=Black+filament&qid=1593652893&sr=8-227
Gizmo Dorks, [     ], PET (POLYETHYLENE TEREPHTHALATE), 2.20 pounds, 1.75 millimeters, https://www.amazon.com/Gizmo-Dorks-1-75mm-Filament-Printers/dp/B07817JYQP/ref=sr_1_227?dchild=1&keywords=Black+filament&qid=1593652894&sr=8-227
HATCHBOX, RED, PLA, 2.20 pounds, 1.75 millimeters, https://www.amazon.com/HATCHBOX-3D-Filament-Dimensional-Accuracy/dp/B00J0GO8I0/ref=sr_1_228?dchild=1&keywords=Black+filament&qid=1593652894&sr=8-228
Gizmo Dorks, GREEN, PLA, 2.20 pounds, 3.00 millimeters, https://www.amazon.com/Gizmo-Dorks-2-85mm-Filament-Printers/dp/B00GU2GV1E/ref=sr_1_229?dchild=1&keywords=Black+filament&qid=1593652894&sr=8-229
HATCHBOX, [     ], WOOD, 2.20 pounds, 1.75 millimeters, https://www.amazon.com/HATCHBOX-3D-Filament-Dimensional-Accuracy/dp/B01092XXD4/ref=sr_1_231?dchild=1&keywords=Black+filament&qid=1593652894&sr=8-231
Gizmo Dorks, [     ], PLA, 12.75 pounds, 1.75 millimeters, https://www.amazon.com/Gizmo-Dorks-Filament-Printers-1-75mm/dp/B074WGMDGP/ref=sr_1_232?dchild=1&keywords=Black+filament&qid=1593652894&sr=8-232
eSUN, BLUE, PLA, 2.20 pounds , 2.20 pounds, 1.75 millimeters, https://www.amazon.com/eSUN-1-75mm-Printer-Filament-2-2lbs/dp/B01EKEMNRO/ref=sr_1_233?dchild=1&keywords=Black+filament&qid=1593652894&sr=8-233
Gizmo Dorks, [     ], ACETAL, [     ], 1.75 millimeters, https://www.amazon.com/Gizmo-Dorks-Acetal-Filament-Printers/dp/B074VPZPZ5/ref=sr_1_238?dchild=1&keywords=Black+filament&qid=1593652894&sr=8-238
3D Solutech, [     ], PLA, 2.20 pounds, 1.75 millimeters, https://www.amazon.com/3D-Solutech-Filament-Dimensional-Multi-Pack/dp/B07HFKNGNT/ref=sr_1_239?dchild=1&keywords=Black+filament&qid=1593652894&sr=8-239
HATCHBOX, WHITE, PLA, 2.20 pounds, 1.75 millimeters, https://www.amazon.com/HATCHBOX-3D-Filament-Dimensional-Accuracy/dp/B00J0GMMP6/ref=sr_1_240?dchild=1&keywords=Black+filament&qid=1593652894&sr=8-240
Dremel, [     ], PLA, 1.65 pounds, [     ], https://www.amazon.com/Dremel-DigiLab-Printer-Filament-Diameter/dp/B084XSNMLR/ref=sr_1_242?dchild=1&keywords=Black+filament&qid=1593652894&sr=8-242
RainbowME, CARBON FIBER, PETG (POLYETHYLENE TEREPHTALATE GLYCOL-MODIFIED), 2.20 pounds, 1.75 millimeters, https://www.amazon.com/Stronghero3D-Printing-Filament-Accuracy-0-05mm/dp/B07HJ7FJL6/ref=sr_1_244?dchild=1&keywords=Black+filament&qid=1593652894&sr=8-244
eSUN, BLUE, ABS, 2.20 pounds, 1.75 millimeters, https://www.amazon.com/eSUN-1-75mm-Printer-filament-2-2lbs/dp/B00MVIQ5IU/ref=sr_1_244?dchild=1&keywords=Black+filament&qid=1593652895&sr=8-244
TECBOSS, 20 COLORS FILAMENT, PLA, [     ], 1.75 millimeters, https://www.amazon.com/Tecboss-Filament-Different-High-Precision-Diameter/dp/B01N111M10/ref=sr_1_245?dchild=1&keywords=Black+filament&qid=1593652895&sr=8-245
Gizmo Dorks, [     ], PET (POLYETHYLENE TEREPHTHALATE), 2.20 pounds, 1.75 millimeters, https://www.amazon.com/Gizmo-Dorks-1-75mm-Filament-Printers/dp/B07817JYQP/ref=sr_1_246?dchild=1&keywords=Black+filament&qid=1593652895&sr=8-246
ThreeD Materials, [     ], ABS, [     ], 3.00 millimeters, https://www.amazon.com/Printer-Filament-Dimensional-Accuracy-Spool/dp/B01N0A8JM9/ref=sr_1_247?dchild=1&keywords=Black+filament&qid=1593652895&sr=8-247
AMOLEN, GLOW GREEN/MARBLE/SILK GOLD/SILK COPPER, PLA, 1.76 pounds, 1.75 millimeters, https://www.amazon.com/AMOLEN-Printer-Filament-1-75mm-Marble/dp/B08393S4CR/ref=sr_1_248?dchild=1&keywords=Black+filament&qid=1593652895&sr=8-248
eSUN, [     ], PLA, 2.20 pounds, 3.00 millimeters, https://www.amazon.com/eSUN-Printer-Filament-2-2lbs-Diameter/dp/B07984MTKJ/ref=sr_1_249?dchild=1&keywords=Black+filament&qid=1593652895&sr=8-249
ColorFabb, [     ], PLA, 1.65 pounds, 3.00 millimeters, https://www.amazon.com/ColorFabb-Standard-Black-PLA-Filament/dp/B010P3B29O/ref=sr_1_250?dchild=1&keywords=Black+filament&qid=1593652895&sr=8-250
Geeetech, SILK SILVER, PLA, 2.20 pounds, 1.75 millimeters, https://www.amazon.com/Filament-1-75mm-Silver-Geeetech-Printer/dp/B07QGV6D8P/ref=sr_1_254?dchild=1&keywords=Black+filament&qid=1593652895&sr=8-254
Ataraxia, [     ], PLA, [     ], 1.75 millimeters, https://www.amazon.com/Filament-Different-High-Precision-Diameter-Ataraxia/dp/B082KLLWRB/ref=sr_1_255?dchild=1&keywords=Black+filament&qid=1593652895&sr=8-255
[     ], [     ], [     ], [     ], [     ], https://www.amazon.com/Sons-Steel-Heavy-Metal-Travel-ebook/dp/B07QBDFLL1/ref=sr_1_257?dchild=1&keywords=Black+filament&qid=1593652895&sr=8-257
Silhouette America, [     ], [     ], 1.95 pounds, [     ], https://www.amazon.com/Silhouette-America-Alta-Filament-Black/dp/B07GXGNCZG/ref=sr_1_259?dchild=1&keywords=Black+filament&qid=1593652895&sr=8-259
Dremel, [     ], ABS, [     ], [     ], https://www.amazon.com/Dremel-DF45-ECO-W-Filamento-eco-ABS-infancia/dp/B07F11TKP4/ref=sr_1_259?dchild=1&keywords=Black+filament&qid=1593652896&sr=8-259
3D Solutech, APPLE GREEN, PLA, 2.20 pounds, 1.75 millimeters, https://www.amazon.com/3D-Solutech-Filament-Dimensional-Accuracy/dp/B00ME76OHA/ref=sr_1_261?dchild=1&keywords=Black+filament&qid=1593652896&sr=8-261
Comgrow, WHITE, PLA, 2.20 pounds, 1.75 millimeters, https://www.amazon.com/Comgrow-Printer-Filament-1-75mm-Spool/dp/B0854GJCLY/ref=sr_1_262?dchild=1&keywords=Black+filament&qid=1593652896&sr=8-262
EDTO, SKY BLUE, ABS, [     ], [     ], https://www.amazon.com/Printer-Filament-Dimensional-Accuracy-Drawing/dp/B07RXZ85Y9/ref=sr_1_263?dchild=1&keywords=Black+filament&qid=1593652896&sr=8-263
SUNLU, S# LIGHTGOLD, SILK PLA, 2.20 pounds, 1.75 millimeters, https://www.amazon.com/SUNLU-Filament-Printer-Printers-LightGold/dp/B07X54WLHX/ref=sr_1_264?dchild=1&keywords=Black+filament&qid=1593652896&sr=8-264
